Workbook
Name Slicer_Sector: #N/A
Name Slicer_Sector1: #N/A

Sheet All_India_Index_Upto_April23-CP
A1: Sector | B1: Year | C1: Month | D1: Cereals and products | E1: Meat and fish | F1: Egg | G1: Milk and products | H1: Oils and fats | I1: Fruits | J1: Vegetables | K1: Pulses and products | L1: Sugar and Confectionery | M1: Spices | N1: Non-alcoholic beverages | O1: Prepared meals, snacks, sweets etc. | P1: Food and beverages | Q1: Pan, tobacco and intoxicants | R1: Clothing | S1: Footwear | T1: Clothing and footwear | U1: Housing | V1: Fuel and light | W1: Household goods and services | X1: Health | Y1: Transport and communication | Z1: Recreation and amusement | AA1: Education | AB1: Personal care and effects | AC1: Miscellaneous | AD1: Food Bucket | AE1: Recreation Bucket | AF1: Housing bucket | AG1: Health bucket | AH1: clothing bucket | AI1: General index | AJ1: MoM % | AN1: Year | AQ1: Sector | AR1: Year | AS1: Month | AT1: Cereals and products | AU1: Meat and fish | AV1: Egg | AW1: Milk and products | AX1: Oils and fats | AY1: Fruits | AZ1: Vegetables | BA1: Pulses and products | BB1: Sugar and Confectionery | BC1: Spices | BD1: Non-alcoholic beverages | BE1: Prepared meals, snacks, sweets etc. | BF1: Food and beverages | BG1: Food Bucket | BH1: FOOD MOM | BI1: ABSOLUTE CHANGE % | BL1: Year | BO1: Sector | BP1: Year | BQ1: Month | BR1: Month-Year | BS1: Cereals and products | BT1: Meat and fish | BU1: Egg | BV1: Milk and products | BW1: Oils and fats | BX1: Fruits | BY1: Vegetables | BZ1: Pulses and products | CA1: Sugar and Confectionery | CB1: Spices | CC1: Non-alcoholic beverages | CD1: Prepared meals, snacks, sweets etc. | CE1: Food and beverages | CF1: Pan, tobacco and intoxicants | CG1: Clothing | CH1: Footwear | CI1: Clothing and footwear | CJ1: Housing | CK1: Fuel and light | CL1: Household goods and services | CM1: Health | CN1: Transport and communication | CO1: Recreation and amusement | CP1: Education | CQ1: Personal care and effects | CR1: Miscellaneous | CS1: Food Bucket | CT1: Recreation Bucket | CU1: Housing bucket | CV1: Health bucket | CW1: clothing bucket | CX1: General index | CY1: MoM % | CZ1: Oil Price | DB1: Cereals and products | DC1: Meat and fish | DD1: Egg | DE1: Milk and products | DF1: Oils and fats | DG1: Fruits | DH1: Vegetables | DI1: Pulses and products | DJ1: Sugar and Confectionery | DK1: Spices | DL1: Non-alcoholic beverages | DM1: Prepared meals, snacks, sweets etc. | DN1: Food and beverages | DO1: Pan, tobacco and intoxicants | DP1: Clothing | DQ1: Footwear | DR1: Clothing and footwear | DS1: Housing | DT1: Household goods and services | DU1: Health | DV1: Recreation and amusement | DW1: Personal care and effects | DX1: Miscellaneous | DY1: Transport and communication | DZ1: Education | EA1: Fuel and light
A2: Rural | B2: 2013 | C2: January | D2: 108.2 | E2: 106.3 | F2: 108.1 | G2: 104.9 | H2: 106.1 | I2: 103.9 | J2: 101.9 | K2: 106.1 | L2: 106.8 | M2: 103.1 | N2: 104.8 | O2: 106.7 | P2: 105.5 | Q2: 105.1 | R2: 106.5 | S2: 105.8 | T2: 106.4 | U2: 0 | V2: 105.5 | W2: 104.8 | X2: 104 | Y2: 103.3 | Z2: 103.4 | AA2: 103.8 | AB2: 104.7 | AC2: 104 | AD2: =AVERAGE(All_India_Index_Upto_April23_CPI_data[[#This Row],[Cereals and products]:[Food and beverages]]) -> 105.56923 | AE2: =AVERAGE(All_India_Index_Upto_April23_CPI_data[[#This Row],[Recreation and amusement]],All_India_Index_Upto_April23_CPI_data[[#This Row],[Pan, tobacco and intoxicants]]) -> 104.25 | AF2: =AVERAGE(All_India_Index_Upto_April23_CPI_data[[#This Row],[Household goods and services]],All_India_Index_Upto_April23_CPI_data[[#This Row],[Housing]]) -> 52.4 | AG2: =AVERAGE(All_India_Index_Upto_April23_CPI_data[[#This Row],[Personal care and effects]],All_India_Index_Upto_April23_CPI_data[[#This Row],[Health]]) -> 104.35 | AH2: =AVERAGE(All_India_Index_Upto_April23_CPI_data[[#This Row],[Clothing]:[Clothing and footwear]]) -> 106.23333 | AI2: 105.1 | AJ2: 0 | AN2: 2022 | AQ2: Rural | AR2: 2022 | AS2: May | AT2: 152.9 | AU2: 214.7 | AV2: 161.4 | AW2: 164.6 | AX2: 209.9 | AY2: 168 | AZ2: 160.4 | BA2: 165 | BB2: 118.9 | BC2: 186.6 | BD2: 173.2 | BE2: 180.4 | BF2: 170.8 | BG2: 171.29231 | BH2: 0 | BI2: 0 | BL2: 2021 | BO2: Rural | BP2: 2021 | BQ2: January | BR2: =DATE(BP2,MONTH(DATEVALUE("1 "&BQ2)),1) -> 44197 | BS2: 143.4 | BT2: 187.5 | BU2: 173.4 | BV2: 154 | BW2: 154.8 | BX2: 147 | BY2: 187.8 | BZ2: 159.5 | CA2: 113.8 | CB2: 164.5 | CC2: 156.1 | CD2: 164.3 | CE2: 159.6 | CF2: 184.6 | CG2: 157.5 | CH2: 152.4 | CI2: 156.8 | CJ2: 0 | CK2: 150.9 | CL2: 153.9 | CM2: 162.5 | CN2: 147.5 | CO2: 155.1 | CP2: 163.5 | CQ2: 156.2 | CR2: 155.9 | CS2: 158.9 | CT2: 169.85 | CU2: 76.95 | CV2: 159.35 | CW2: 155.56667 | CX2: 158.5 | CY2: -0.013690106 | CZ2: =VLOOKUP(BR2,'OIL PRICE'!$A$1:$B$27,2,0) -> 54.79 | DB2: =CORREL(Table2[Oil Price],Table2[Cereals and products]) -> 0.37272749 | DC2: =CORREL(Table2[Oil Price],Table2[Meat and fish]) -> 0.77941794 | DD2: =CORREL(Table2[Oil Price],Table2[Egg]) -> -0.19565754 | DE2: =CORREL(Table2[Oil Price],Table2[Milk and products]) -> 0.50622757 | DF2: =CORREL(Table2[Oil Price],Table2[Oils and fats]) -> 0.70587202 | DG2: =CORREL(Table2[Oil Price],Table2[Fruits]) -> 0.52591638 | DH2: =CORREL(Table2[Oil Price],Table2[Vegetables]) -> 0.26561441 | DI2: =CORREL(Table2[Oil Price],Table2[Pulses and products]) -> 0.27579656 | DJ2: =CORREL(Table2[Oil Price],Table2[Sugar and Confectionery]) -> 0.54543467 | DK2: =CORREL(Table2[Oil Price],Table2[Spices]) -> 0.47271898 | DL2: =CORREL(Table2[Oil Price],Table2[Non-alcoholic beverages]) -> 0.46253989 | DM2: =CORREL(Table2[Oil Price],Table2[Prepared meals, snacks, sweets etc.]) -> 0.60292677 | DN2: =CORREL(Table2[Oil Price],Table2[Food and beverages]) -> 0.63405112 | DO2: =CORREL(Table2[Oil Price],Table2[Pan, tobacco and intoxicants]) -> 0.42594326 | DP2: =CORREL(Table2[Oil Price],Table2[Clothing]) -> 0.60103705 | DQ2: =CORREL(Table2[Oil Price],Table2[Footwear]) -> 0.51937145 | DR2: =CORREL(Table2[Oil Price],Table2[Clothing and footwear]) -> 0.58895943 | DS2: =CORREL(Table2[Oil Price],Table2[Housing]) -> 0.021569988 | DT2: =CORREL(Table2[Oil Price],Table2[Household goods and services]) -> 0.57461438 | DU2: =CORREL(Table2[Oil Price],Table2[Health]) -> 0.5621766 | DV2: =CORREL(Table2[Oil Price],Table2[Recreation and amusement]) -> 0.63951952 | DW2: =CORREL(Table2[Oil Price],Table2[Personal care and effects]) -> 0.57879308 | DX2: =CORREL(Table2[Oil Price],Table2[Miscellaneous]) -> 0.60247885 | DY2: =CORREL(Table2[Transport and communication],Table2[Oil Price]) -> 0.67102304 | DZ2: =CORREL(Table2[Oil Price],Table2[Education]) -> 0.49168151 | EA2: =CORREL(Table2[Oil Price],Table2[Fuel and light]) -> 0.65882631
A3: Urban | B3: 2013 | C3: January | D3: 110.5 | E3: 109.1 | F3: 113 | G3: 103.6 | H3: 103.4 | I3: 102.3 | J3: 102.9 | K3: 105.8 | L3: 105.1 | M3: 101.8 | N3: 105.1 | O3: 107.9 | P3: 105.9 | Q3: 105.2 | R3: 105.9 | S3: 105 | T3: 105.8 | U3: 100.3 | V3: 105.4 | W3: 104.8 | X3: 104.1 | Y3: 103.2 | Z3: 102.9 | AA3: 103.5 | AB3: 104.3 | AC3: 103.7 | AD3: =AVERAGE(All_India_Index_Upto_April23_CPI_data[[#This Row],[Cereals and products]:[Food and beverages]]) -> 105.87692 | AE3: =AVERAGE(All_India_Index_Upto_April23_CPI_data[[#This Row],[Recreation and amusement]],All_India_Index_Upto_April23_CPI_data[[#This Row],[Pan, tobacco and intoxicants]]) -> 104.05 | AF3: =AVERAGE(All_India_Index_Upto_April23_CPI_data[[#This Row],[Household goods and services]],All_India_Index_Upto_April23_CPI_data[[#This Row],[Housing]]) -> 102.55 | AG3: =AVERAGE(All_India_Index_Upto_April23_CPI_data[[#This Row],[Personal care and effects]],All_India_Index_Upto_April23_CPI_data[[#This Row],[Health]]) -> 104.2 | AH3: =AVERAGE(All_India_Index_Upto_April23_CPI_data[[#This Row],[Clothing]:[Clothing and footwear]]) -> 105.56667 | AI3: 104 | AJ3: 0 | AN3: 2023 | AQ3: Urban | AR3: 2022 | AS3: May | AT3: 156.7 | AU3: 221.2 | AV3: 164.1 | AW3: 165.4 | AX3: 189.5 | AY3: 174.5 | AZ3: 203.2 | BA3: 164.1 | BB3: 121.2 | BC3: 181.4 | BD3: 158.5 | BE3: 184.9 | BF3: 177.5 | BG3: 174.01538 | BH3: 0 | BI3: 0 | BL3: 2022 | BO3: Urban | BP3: 2021 | BQ3: January | BR3: =DATE(BP3,MONTH(DATEVALUE("1 "&BQ3)),1) -> 44197 | BS3: 148 | BT3: 194.8 | BU3: 178.4 | BV3: 154.4 | BW3: 144.1 | BX3: 152.6 | BY3: 206.8 | BZ3: 162.1 | CA3: 116.3 | CB3: 163 | CC3: 145.9 | CD3: 167.2 | CE3: 163.4 | CF3: 191.8 | CG3: 152.5 | CH3: 137.3 | CI3: 150.2 | CJ3: 157.7 | CK3: 142.9 | CL3: 145.7 | CM3: 154.1 | CN3: 136.9 | CO3: 145.4 | CP3: 156.1 | CQ3: 157.7 | CR3: 147.6 | CS3: 161.30769 | CT3: 168.6 | CU3: 151.7 | CV3: 155.9 | CW3: 146.66667 | CX3: 156 | CY3: -0.0057361377 | CZ3: =VLOOKUP(BR3,'OIL PRICE'!$A$1:$B$27,2,0) -> 54.79
A4: Rural+Urban | B4: 2013 | C4: January | D4: 108.4 | E4: 107.3 | F4: 110 | G4: 104.4 | H4: 105.1 | I4: 103.2 | J4: 102.2 | K4: 106 | L4: 106.2 | M4: 102.7 | N4: 104.9 | O4: 107.3 | P4: 105.6 | Q4: 105.1 | R4: 106.3 | S4: 105.5 | T4: 106.2 | U4: 100.3 | V4: 105.5 | W4: 104.8 | X4: 104 | Y4: 103.2 | Z4: 103.1 | AA4: 103.6 | AB4: 104.5 | AC4: 103.9 | AD4: =AVERAGE(All_India_Index_Upto_April23_CPI_data[[#This Row],[Cereals and products]:[Food and beverages]]) -> 105.63846 | AE4: =AVERAGE(All_India_Index_Upto_April23_CPI_data[[#This Row],[Recreation and amusement]],All_India_Index_Upto_April23_CPI_data[[#This Row],[Pan, tobacco and intoxicants]]) -> 104.1 | AF4: =AVERAGE(All_India_Index_Upto_April23_CPI_data[[#This Row],[Household goods and services]],All_India_Index_Upto_April23_CPI_data[[#This Row],[Housing]]) -> 102.55 | AG4: =AVERAGE(All_India_Index_Upto_April23_CPI_data[[#This Row],[Personal care and effects]],All_India_Index_Upto_April23_CPI_data[[#This Row],[Health]]) -> 104.25 | AH4: =AVERAGE(All_India_Index_Upto_April23_CPI_data[[#This Row],[Clothing]:[Clothing and footwear]]) -> 106 | AI4: 104.6 | AJ4: 0 | AQ4: Rural+Urban | AR4: 2022 | AS4: May | AT4: 154.1 | AU4: 217 | AV4: 162.4 | AW4: 164.9 | AX4: 202.4 | AY4: 171 | AZ4: 174.9 | BA4: 164.7 | BB4: 119.7 | BC4: 184.9 | BD4: 167.1 | BE4: 182.5 | BF4: 173.3 | BG4: 172.22308 | BH4: 0 | BI4: 0 | BL4: 2023 | BO4: Rural+Urban | BP4: 2021 | BQ4: January | BR4: =DATE(BP4,MONTH(DATEVALUE("1 "&BQ4)),1) -> 44197 | BS4: 144.9 | BT4: 190.1 | BU4: 175.3 | BV4: 154.1 | BW4: 150.9 | BX4: 149.6 | BY4: 194.2 | BZ4: 160.4 | CA4: 114.6 | CB4: 164 | CC4: 151.8 | CD4: 165.6 | CE4: 161 | CF4: 186.5 | CG4: 155.5 | CH4: 146.1 | CI4: 154.2 | CJ4: 157.7 | CK4: 147.9 | CL4: 150 | CM4: 159.3 | CN4: 141.9 | CO4: 149.6 | CP4: 159.2 | CQ4: 156.8 | CR4: 151.9 | CS4: 159.73077 | CT4: 168.05 | CU4: 153.85 | CV4: 158.05 | CW4: 151.93333 | CX4: 157.3 | CY4: -0.010069226 | CZ4: =VLOOKUP(BR4,'OIL PRICE'!$A$1:$B$27,2,0) -> 54.79
A5: Rural | B5: 2013 | C5: February | D5: 109.2 | E5: 108.7 | F5: 110.2 | G5: 105.4 | H5: 106.7 | I5: 104 | J5: 102.4 | K5: 105.9 | L5: 105.7 | M5: 103.1 | N5: 105.1 | O5: 107.7 | P5: 106.3 | Q5: 105.6 | R5: 107.1 | S5: 106.3 | T5: 107 | U5: 0 | V5: 106.2 | W5: 105.2 | X5: 104.4 | Y5: 103.9 | Z5: 104 | AA5: 104.1 | AB5: 104.6 | AC5: 104.4 | AD5: =AVERAGE(All_India_Index_Upto_April23_CPI_data[[#This Row],[Cereals and products]:[Food and beverages]]) -> 106.18462 | AE5: =AVERAGE(All_India_Index_Upto_April23_CPI_data[[#This Row],[Recreation and amusement]],All_India_Index_Upto_April23_CPI_data[[#This Row],[Pan, tobacco and intoxicants]]) -> 104.8 | AF5: =AVERAGE(All_India_Index_Upto_April23_CPI_data[[#This Row],[Household goods and services]],All_India_Index_Upto_April23_CPI_data[[#This Row],[Housing]]) -> 52.6 | AG5: =AVERAGE(All_India_Index_Upto_April23_CPI_data[[#This Row],[Personal care and effects]],All_India_Index_Upto_April23_CPI_data[[#This Row],[Health]]) -> 104.5 | AH5: =AVERAGE(All_India_Index_Upto_April23_CPI_data[[#This Row],[Clothing]:[Clothing and footwear]]) -> 106.8 | AI5: 105.8 | AJ5: =(All_India_Index_Upto_April23_CPI_data[[#This Row],[General index]]-AI2)/AI2 -> 0.0066603235 | AQ5: Rural | AR5: 2022 | AS5: June | AT5: 153.8 | AU5: 217.2 | AV5: 169.6 | AW5: 165.4 | AX5: 208.1 | AY5: 165.8 | AZ5: 167.3 | BA5: 164.6 | BB5: 119.1 | BC5: 188.9 | BD5: 174.2 | BE5: 181.9 | BF5: 172.4 | BG5: 172.94615 | BH5: =BG5-BG2 -> 1.6538462 | BI5: =BH5/BG2 -> 0.0096551105 | BO5: Rural | BP5: 2021 | BQ5: February | BR5: =DATE(BP5,MONTH(DATEVALUE("1 "&BQ5)),1) -> 44228 | BS5: 142.8 | BT5: 184 | BU5: 168 | BV5: 154.4 | BW5: 163 | BX5: 147.8 | BY5: 149.7 | BZ5: 158.3 | CA5: 111.8 | CB5: 165 | CC5: 160 | CD5: 165.8 | CE5: 154.7 | CF5: 186.5 | CG5: 159.1 | CH5: 153.9 | CI5: 158.4 | CJ5: 0 | CK5: 154.4 | CL5: 154.8 | CM5: 164.3 | CN5: 150.2 | CO5: 157 | CP5: 163.6 | CQ5: 155.2 | CR5: 157.2 | CS5: 155.79231 | CT5: 171.75 | CU5: 77.4 | CV5: 159.75 | CW5: 157.13333 | CX5: 156.7 | CY5: -0.011356467 | CZ5: =VLOOKUP(BR5,'OIL PRICE'!$A$1:$B$27,2,0) -> 61.22
A6: Urban | B6: 2013 | C6: February | D6: 112.9 | E6: 112.9 | F6: 116.9 | G6: 104 | H6: 103.5 | I6: 103.1 | J6: 104.9 | K6: 104.1 | L6: 103.8 | M6: 102.3 | N6: 106 | O6: 109 | P6: 107.2 | Q6: 106 | R6: 106.6 | S6: 105.5 | T6: 106.4 | U6: 100.4 | V6: 105.7 | W6: 105.2 | X6: 104.7 | Y6: 104.4 | Z6: 103.3 | AA6: 103.7 | AB6: 104.3 | AC6: 104.3 | AD6: =AVERAGE(All_India_Index_Upto_April23_CPI_data[[#This Row],[Cereals and products]:[Food and beverages]]) -> 106.96923 | AE6: =AVERAGE(All_India_Index_Upto_April23_CPI_data[[#This Row],[Recreation and amusement]],All_India_Index_Upto_April23_CPI_data[[#This Row],[Pan, tobacco and intoxicants]]) -> 104.65 | AF6: =AVERAGE(All_India_Index_Upto_April23_CPI_data[[#This Row],[Household goods and services]],All_India_Index_Upto_April23_CPI_data[[#This Row],[Housing]]) -> 102.8 | AG6: =AVERAGE(All_India_Index_Upto_April23_CPI_data[[#This Row],[Personal care and effects]],All_India_Index_Upto_April23_CPI_data[[#This Row],[Health]]) -> 104.5 | AH6: =AVERAGE(All_India_Index_Upto_April23_CPI_data[[#This Row],[Clothing]:[Clothing and footwear]]) -> 106.16667 | AI6: 104.7 | AJ6: =(All_India_Index_Upto_April23_CPI_data[[#This Row],[General index]]-AI3)/AI3 -> 0.0067307692 | AQ6: Urban | AR6: 2022 | AS6: June | AT6: 157.5 | AU6: 223.4 | AV6: 172.8 | AW6: 166.4 | AX6: 188.6 | AY6: 174.1 | AZ6: 211.5 | BA6: 163.6 | BB6: 121.4 | BC6: 183.5 | BD6: 159.1 | BE6: 186.3 | BF6: 179.3 | BG6: 175.96154 | BH6: =BG6-BG3 -> 1.9461538 | BI6: =BH6/BG3 -> 0.011183803 | BO6: Urban | BP6: 2021 | BQ6: February | BR6: =DATE(BP6,MONTH(DATEVALUE("1 "&BQ6)),1) -> 44228 | BS6: 147.6 | BT6: 191.2 | BU6: 169.9 | BV6: 155.1 | BW6: 151.4 | BX6: 154 | BY6: 180.2 | BZ6: 159.8 | CA6: 114.9 | CB6: 162.5 | CC6: 149.2 | CD6: 169.4 | CE6: 160.8 | CF6: 193.3 | CG6: 154.2 | CH6: 138.2 | CI6: 151.8 | CJ6: 159.8 | CK6: 149.1 | CL6: 146.5 | CM6: 156.3 | CN6: 140.5 | CO6: 147.3 | CP6: 156.6 | CQ6: 156.7 | CR6: 149.3 | CS6: 158.92308 | CT6: 170.3 | CU6: 153.15 | CV6: 156.5 | CW6: 148.06667 | CX6: 156.5 | CY6: 0.0032051282 | CZ6: =VLOOKUP(BR6,'OIL PRICE'!$A$1:$B$27,2,0) -> 61.22
A7: Rural+Urban | B7: 2013 | C7: February | D7: 110.4 | E7: 110.2 | F7: 112.8 | G7: 104.9 | H7: 105.5 | I7: 103.6 | J7: 103.2 | K7: 105.3 | L7: 105.1 | M7: 102.8 | N7: 105.5 | O7: 108.3 | P7: 106.6 | Q7: 105.7 | R7: 106.9 | S7: 106 | T7: 106.8 | U7: 100.4 | V7: 106 | W7: 105.2 | X7: 104.5 | Y7: 104.2 | Z7: 103.6 | AA7: 103.9 | AB7: 104.5 | AC7: 104.4 | AD7: =AVERAGE(All_India_Index_Upto_April23_CPI_data[[#This Row],[Cereals and products]:[Food and beverages]]) -> 106.47692 | AE7: =AVERAGE(All_India_Index_Upto_April23_CPI_data[[#This Row],[Recreation and amusement]],All_India_Index_Upto_April23_CPI_data[[#This Row],[Pan, tobacco and intoxicants]]) -> 104.65 | AF7: =AVERAGE(All_India_Index_Upto_April23_CPI_data[[#This Row],[Household goods and services]],All_India_Index_Upto_April23_CPI_data[[#This Row],[Housing]]) -> 102.8 | AG7: =AVERAGE(All_India_Index_Upto_April23_CPI_data[[#This Row],[Personal care and effects]],All_India_Index_Upto_April23_CPI_data[[#This Row],[Health]]) -> 104.5 | AH7: =AVERAGE(All_India_Index_Upto_April23_CPI_data[[#This Row],[Clothing]:[Clothing and footwear]]) -> 106.56667 | AI7: 105.3 | AJ7: =(All_India_Index_Upto_April23_CPI_data[[#This Row],[General index]]-AI4)/AI4 -> 0.0066921606 | AQ7: Rural+Urban | AR7: 2022 | AS7: June | AT7: 155 | AU7: 219.4 | AV7: 170.8 | AW7: 165.8 | AX7: 200.9 | AY7: 169.7 | AZ7: 182.3 | BA7: 164.3 | BB7: 119.9 | BC7: 187.1 | BD7: 167.9 | BE7: 183.9 | BF7: 174.9 | BG7: 173.99231 | BH7: =BG7-BG4 -> 1.7692308 | BI7: =BH7/BG4 -> 0.010272902 | BO7: Rural+Urban | BP7: 2021 | BQ7: February | BR7: =DATE(BP7,MONTH(DATEVALUE("1 "&BQ7)),1) -> 44228 | BS7: 144.3 | BT7: 186.5 | BU7: 168.7 | BV7: 154.7 | BW7: 158.7 | BX7: 150.7 | BY7: 160 | BZ7: 158.8 | CA7: 112.8 | CB7: 164.2 | CC7: 155.5 | CD7: 167.5 | CE7: 156.9 | CF7: 188.3 | CG7: 157.2 | CH7: 147.4 | CI7: 155.8 | CJ7: 159.8 | CK7: 152.4 | CL7: 150.9 | CM7: 161.3 | CN7: 145.1 | CO7: 151.5 | CP7: 159.5 | CQ7: 155.8 | CR7: 153.4 | CS7: 156.86923 | CT7: 169.9 | CU7: 155.35 | CV7: 158.55 | CW7: 153.46667 | CX7: 156.6 | CY7: -0.0044500954 | CZ7: =VLOOKUP(BR7,'OIL PRICE'!$A$1:$B$27,2,0) -> 61.22
A8: Rural | B8: 2013 | C8: March | D8: 110.2 | E8: 108.8 | F8: 109.9 | G8: 105.6 | H8: 106.2 | I8: 105.7 | J8: 101.4 | K8: 105.7 | L8: 105 | M8: 103.3 | N8: 105.6 | O8: 108.2 | P8: 106.6 | Q8: 106.5 | R8: 107.6 | S8: 106.8 | T8: 107.5 | U8: 0 | V8: 106.1 | W8: 105.6 | X8: 104.7 | Y8: 104.6 | Z8: 104 | AA8: 104.3 | AB8: 104.3 | AC8: 104.6 | AD8: =AVERAGE(All_India_Index_Upto_April23_CPI_data[[#This Row],[Cereals and products]:[Food and beverages]]) -> 106.32308 | AE8: =AVERAGE(All_India_Index_Upto_April23_CPI_data[[#This Row],[Recreation and amusement]],All_India_Index_Upto_April23_CPI_data[[#This Row],[Pan, tobacco and intoxicants]]) -> 105.25 | AF8: =AVERAGE(All_India_Index_Upto_April23_CPI_data[[#This Row],[Household goods and services]],All_India_Index_Upto_April23_CPI_data[[#This Row],[Housing]]) -> 52.8 | AG8: =AVERAGE(All_India_Index_Upto_April23_CPI_data[[#This Row],[Personal care and effects]],All_India_Index_Upto_April23_CPI_data[[#This Row],[Health]]) -> 104.5 | AH8: =AVERAGE(All_India_Index_Upto_April23_CPI_data[[#This Row],[Clothing]:[Clothing and footwear]]) -> 107.3 | AI8: 106 | AJ8: =(All_India_Index_Upto_April23_CPI_data[[#This Row],[General index]]-AI5)/AI5 -> 0.0018903592 | AQ8: Rural | AR8: 2022 | AS8: July | AT8: 155.2 | AU8: 210.8 | AV8: 174.3 | AW8: 166.3 | AX8: 202.2 | AY8: 169.6 | AZ8: 168.6 | BA8: 164.4 | BB8: 119.2 | BC8: 191.8 | BD8: 174.5 | BE8: 183.1 | BF8: 172.5 | BG8: 173.26923 | BH8: =BG8-BG5 -> 0.32307692 | BI8: =BH8/BG5 -> 0.0018680781 | BO8: Rural | BP8: 2021 | BQ8: March | BR8: =DATE(BP8,MONTH(DATEVALUE("1 "&BQ8)),1) -> 44256 | BS8: 142.5 | BT8: 189.4 | BU8: 163.2 | BV8: 154.5 | BW8: 168.2 | BX8: 150.5 | BY8: 141 | BZ8: 159.2 | CA8: 111.7 | CB8: 164 | CC8: 160.6 | CD8: 166.4 | CE8: 154.5 | CF8: 186.1 | CG8: 159.6 | CH8: 154.4 | CI8: 158.9 | CJ8: 0 | CK8: 156 | CL8: 154.8 | CM8: 164.6 | CN8: 151.3 | CO8: 157.8 | CP8: 163.8 | CQ8: 153.1 | CR8: 157.3 | CS8: 155.82308 | CT8: 171.95 | CU8: 77.4 | CV8: 158.85 | CW8: 157.63333 | CX8: 156.7 | CY8: 0 | CZ8: =VLOOKUP(BR8,'OIL PRICE'!$A$1:$B$27,2,0) -> 64.73
A9: Urban | B9: 2013 | C9: March | D9: 113.9 | E9: 111.4 | F9: 113.2 | G9: 104.3 | H9: 102.7 | I9: 104.9 | J9: 103.8 | K9: 103.5 | L9: 102.6 | M9: 102.4 | N9: 107 | O9: 109.8 | P9: 107.3 | Q9: 106.8 | R9: 107.2 | S9: 106 | T9: 107 | U9: 100.4 | V9: 106 | W9: 105.7 | X9: 105.2 | Y9: 105.5 | Z9: 103.5 | AA9: 103.8 | AB9: 104.2 | AC9: 104.9 | AD9: =AVERAGE(All_India_Index_Upto_April23_CPI_data[[#This Row],[Cereals and products]:[Food and beverages]]) -> 106.67692 | AE9: =AVERAGE(All_India_Index_Upto_April23_CPI_data[[#This Row],[Recreation and amusement]],All_India_Index_Upto_April23_CPI_data[[#This Row],[Pan, tobacco and intoxicants]]) -> 105.15 | AF9: =AVERAGE(All_India_Index_Upto_April23_CPI_data[[#This Row],[Household goods and services]],All_India_Index_Upto_April23_CPI_data[[#This Row],[Housing]]) -> 103.05 | AG9: =AVERAGE(All_India_Index_Upto_April23_CPI_data[[#This Row],[Personal care and effects]],All_India_Index_Upto_April23_CPI_data[[#This Row],[Health]]) -> 104.7 | AH9: =AVERAGE(All_India_Index_Upto_April23_CPI_data[[#This Row],[Clothing]:[Clothing and footwear]]) -> 106.73333 | AI9: 105 | AJ9: =(All_India_Index_Upto_April23_CPI_data[[#This Row],[General index]]-AI6)/AI6 -> 0.0028653295 | AQ9: Urban | AR9: 2022 | AS9: July | AT9: 159.3 | AU9: 217.1 | AV9: 176.6 | AW9: 167.1 | AX9: 184.8 | AY9: 179.5 | AZ9: 208.5 | BA9: 164 | BB9: 121.5 | BC9: 186.3 | BD9: 159.8 | BE9: 187.7 | BF9: 179.4 | BG9: 176.27692 | BH9: =BG9-BG6 -> 0.31538462 | BI9: =BH9/BG6 -> 0.0017923497 | BO9: Urban | BP9: 2021 | BQ9: March | BR9: =DATE(BP9,MONTH(DATEVALUE("1 "&BQ9)),1) -> 44256 | BS9: 147.5 | BT9: 197.5 | BU9: 164.7 | BV9: 155.6 | BW9: 156.4 | BX9: 157.3 | BY9: 166.1 | BZ9: 161.1 | CA9: 114.3 | CB9: 162.6 | CC9: 150.7 | CD9: 170.3 | CE9: 160.4 | CF9: 193.5 | CG9: 155.1 | CH9: 138.7 | CI9: 152.6 | CJ9: 159.9 | CK9: 154.8 | CL9: 147.2 | CM9: 156.9 | CN9: 141.7 | CO9: 148.6 | CP9: 157.6 | CQ9: 154.9 | CR9: 150 | CS9: 158.80769 | CT9: 171.05 | CU9: 153.55 | CV9: 155.9 | CW9: 148.8 | CX9: 156.9 | CY9: 0.0025559105 | CZ9: =VLOOKUP(BR9,'OIL PRICE'!$A$1:$B$27,2,0) -> 64.73
A10: Rural+Urban | B10: 2013 | C10: March | D10: 111.4 | E10: 109.7 | F10: 111.2 | G10: 105.1 | H10: 104.9 | I10: 105.3 | J10: 102.2 | K10: 105 | L10: 104.2 | M10: 103 | N10: 106.2 | O10: 108.9 | P10: 106.9 | Q10: 106.6 | R10: 107.4 | S10: 106.5 | T10: 107.3 | U10: 100.4 | V10: 106.1 | W10: 105.6 | X10: 104.9 | Y10: 105.1 | Z10: 103.7 | AA10: 104 | AB10: 104.3 | AC10: 104.7 | AD10: =AVERAGE(All_India_Index_Upto_April23_CPI_data[[#This Row],[Cereals and products]:[Food and beverages]]) -> 106.46154 | AE10: =AVERAGE(All_India_Index_Upto_April23_CPI_data[[#This Row],[Recreation and amusement]],All_India_Index_Upto_April23_CPI_data[[#This Row],[Pan, tobacco and intoxicants]]) -> 105.15 | AF10: =AVERAGE(All_India_Index_Upto_April23_CPI_data[[#This Row],[Household goods and services]],All_India_Index_Upto_April23_CPI_data[[#This Row],[Housing]]) -> 103 | AG10: =AVERAGE(All_India_Index_Upto_April23_CPI_data[[#This Row],[Personal care and effects]],All_India_Index_Upto_April23_CPI_data[[#This Row],[Health]]) -> 104.6 | AH10: =AVERAGE(All_India_Index_Upto_April23_CPI_data[[#This Row],[Clothing]:[Clothing and footwear]]) -> 107.06667 | AI10: 105.5 | AJ10: =(All_India_Index_Upto_April23_CPI_data[[#This Row],[General index]]-AI7)/AI7 -> 0.0018993352 | AQ10: Rural+Urban | AR10: 2022 | AS10: July | AT10: 156.5 | AU10: 213 | AV10: 175.2 | AW10: 166.6 | AX10: 195.8 | AY10: 174.2 | AZ10: 182.1 | BA10: 164.3 | BB10: 120 | BC10: 190 | BD10: 168.4 | BE10: 185.2 | BF10: 175 | BG10: 174.33077 | BH10: =BG10-BG7 -> 0.33846154 | BI10: =BH10/BG7 -> 0.0019452673 | BO10: Rural+Urban | BP10: 2021 | BQ10: March | BR10: =DATE(BP10,MONTH(DATEVALUE("1 "&BQ10)),1) -> 44256 | BS10: 144.1 | BT10: 192.2 | BU10: 163.8 | BV10: 154.9 | BW10: 163.9 | BX10: 153.7 | BY10: 149.5 | BZ10: 159.8 | CA10: 112.6 | CB10: 163.5 | CC10: 156.5 | CD10: 168.2 | CE10: 156.7 | CF10: 188.1 | CG10: 157.8 | CH10: 147.9 | CI10: 156.4 | CJ10: 159.9 | CK10: 155.5 | CL10: 151.2 | CM10: 161.7 | CN10: 146.2 | CO10: 152.6 | CP10: 160.2 | CQ10: 153.8 | CR10: 153.8 | CS10: 156.87692 | CT10: 170.35 | CU10: 155.55 | CV10: 157.75 | CW10: 154.03333 | CX10: 156.8 | CY10: 0.0012771392 | CZ10: =VLOOKUP(BR10,'OIL PRICE'!$A$1:$B$27,2,0) -> 64.73
A11: Rural | B11: 2013 | C11: April | D11: 110.2 | E11: 109.5 | F11: 106.9 | G11: 106.3 | H11: 105.7 | I11: 108.3 | J11: 103.4 | K11: 105.7 | L11: 104.2 | M11: 103.2 | N11: 106.5 | O11: 108.8 | P11: 107.1 | Q11: 107.1 | R11: 108.1 | S11: 107.4 | T11: 108 | U11: 0 | V11: 106.5 | W11: 106.1 | X11: 105.1 | Y11: 104.4 | Z11: 104.5 | AA11: 104.8 | AB11: 102.7 | AC11: 104.6 | AD11: =AVERAGE(All_India_Index_Upto_April23_CPI_data[[#This Row],[Cereals and products]:[Food and beverages]]) -> 106.6 | AE11: =AVERAGE(All_India_Index_Upto_April23_CPI_data[[#This Row],[Recreation and amusement]],All_India_Index_Upto_April23_CPI_data[[#This Row],[Pan, tobacco and intoxicants]]) -> 105.8 | AF11: =AVERAGE(All_India_Index_Upto_April23_CPI_data[[#This Row],[Household goods and services]],All_India_Index_Upto_April23_CPI_data[[#This Row],[Housing]]) -> 53.05 | AG11: =AVERAGE(All_India_Index_Upto_April23_CPI_data[[#This Row],[Personal care and effects]],All_India_Index_Upto_April23_CPI_data[[#This Row],[Health]]) -> 103.9 | AH11: =AVERAGE(All_India_Index_Upto_April23_CPI_data[[#This Row],[Clothing]:[Clothing and footwear]]) -> 107.83333 | AI11: 106.4 | AJ11: =(All_India_Index_Upto_April23_CPI_data[[#This Row],[General index]]-AI8)/AI8 -> 0.0037735849 | AQ11: Rural | AR11: 2022 | AS11: August | AT11: 159.5 | AU11: 204.1 | AV11: 168.3 | AW11: 167.9 | AX11: 198.1 | AY11: 169.2 | AZ11: 173.1 | BA11: 167.1 | BB11: 120.2 | BC11: 195.6 | BD11: 174.8 | BE11: 184 | BF11: 173.9 | BG11: 173.52308 | BH11: =BG11-BG8 -> 0.25384615 | BI11: =BH11/BG8 -> 0.0014650388 | BO11: Rural | BP11: 2021 | BQ11: April | BR11: =DATE(BP11,MONTH(DATEVALUE("1 "&BQ11)),1) -> 44287 | BS11: 142.7 | BT11: 195.5 | BU11: 163.4 | BV11: 155 | BW11: 175.2 | BX11: 160.6 | BY11: 135.1 | BZ11: 161.1 | CA11: 112.2 | CB11: 164.4 | CC11: 161.9 | CD11: 166.8 | CE11: 155.6 | CF11: 186.8 | CG11: 160.7 | CH11: 155.1 | CI11: 159.9 | CJ11: 0 | CK11: 156 | CL11: 155.5 | CM11: 165.3 | CN11: 151.7 | CO11: 158.6 | CP11: 164.1 | CQ11: 154.6 | CR11: 158 | CS11: 157.65385 | CT11: 172.7 | CU11: 77.75 | CV11: 159.95 | CW11: 158.56667 | CX11: 157.6 | CY11: 0.0057434588 | CZ11: =VLOOKUP(BR11,'OIL PRICE'!$A$1:$B$27,2,0) -> 63.4
A12: Urban | B12: 2013 | C12: April | D12: 114.6 | E12: 113.4 | F12: 106 | G12: 104.7 | H12: 102.1 | I12: 109.5 | J12: 109.7 | K12: 104.6 | L12: 102 | M12: 103.5 | N12: 108.2 | O12: 110.6 | P12: 108.8 | Q12: 108.5 | R12: 107.9 | S12: 106.4 | T12: 107.7 | U12: 100.5 | V12: 106.4 | W12: 106.5 | X12: 105.7 | Y12: 105 | Z12: 104 | AA12: 105.2 | AB12: 103.2 | AC12: 105.1 | AD12: =AVERAGE(All_India_Index_Upto_April23_CPI_data[[#This Row],[Cereals and products]:[Food and beverages]]) -> 107.51538 | AE12: =AVERAGE(All_India_Index_Upto_April23_CPI_data[[#This Row],[Recreation and amusement]],All_India_Index_Upto_April23_CPI_data[[#This Row],[Pan, tobacco and intoxicants]]) -> 106.25 | AF12: =AVERAGE(All_India_Index_Upto_April23_CPI_data[[#This Row],[Household goods and services]],All_India_Index_Upto_April23_CPI_data[[#This Row],[Housing]]) -> 103.5 | AG12: =AVERAGE(All_India_Index_Upto_April23_CPI_data[[#This Row],[Personal care and effects]],All_India_Index_Upto_April23_CPI_data[[#This Row],[Health]]) -> 104.45 | AH12: =AVERAGE(All_India_Index_Upto_April23_CPI_data[[#This Row],[Clothing]:[Clothing and footwear]]) -> 107.33333 | AI12: 105.7 | AJ12: =(All_India_Index_Upto_April23_CPI_data[[#This Row],[General index]]-AI9)/AI9 -> 0.0066666667 | AQ12: Urban | AR12: 2022 | AS12: August | AT12: 162.1 | AU12: 210.9 | AV12: 170.6 | AW12: 168.4 | AX12: 182.5 | AY12: 177.1 | AZ12: 213.1 | BA12: 167.3 | BB12: 122.2 | BC12: 189.7 | BD12: 160.5 | BE12: 188.9 | BF12: 180.4 | BG12: 176.43846 | BH12: =BG12-BG9 -> 0.16153846 | BI12: =BH12/BG9 -> 0.00091639029 | BO12: Urban | BP12: 2021 | BQ12: April | BR12: =DATE(BP12,MONTH(DATEVALUE("1 "&BQ12)),1) -> 44287 | BS12: 147.6 | BT12: 202.5 | BU12: 166.4 | BV12: 156 | BW12: 161.4 | BX12: 168.8 | BY12: 161.6 | BZ12: 162.8 | CA12: 114.8 | CB12: 162.8 | CC12: 151.5 | CD12: 171.4 | CE12: 162 | CF12: 194.4 | CG12: 155.9 | CH12: 139.3 | CI12: 153.4 | CJ12: 161.4 | CK12: 154.9 | CL12: 147.6 | CM12: 157.5 | CN12: 142.1 | CO12: 149.1 | CP12: 157.6 | CQ12: 156.6 | CR12: 150.5 | CS12: 160.73846 | CT12: 171.75 | CU12: 154.5 | CV12: 157.05 | CW12: 149.53333 | CX12: 158 | CY12: 0.0070108349 | CZ12: =VLOOKUP(BR12,'OIL PRICE'!$A$1:$B$27,2,0) -> 63.4
A13: Rural+Urban | B13: 2013 | C13: April | D13: 111.6 | E13: 110.9 | F13: 106.6 | G13: 105.7 | H13: 104.4 | I13: 108.9 | J13: 105.5 | K13: 105.3 | L13: 103.5 | M13: 103.3 | N13: 107.2 | O13: 109.6 | P13: 107.7 | Q13: 107.5 | R13: 108 | S13: 107 | T13: 107.9 | U13: 100.5 | V13: 106.5 | W13: 106.3 | X13: 105.3 | Y13: 104.7 | Z13: 104.2 | AA13: 105 | AB13: 102.9 | AC13: 104.8 | AD13: =AVERAGE(All_India_Index_Upto_April23_CPI_data[[#This Row],[Cereals and products]:[Food and beverages]]) -> 106.93846 | AE13: =AVERAGE(All_India_Index_Upto_April23_CPI_data[[#This Row],[Recreation and amusement]],All_India_Index_Upto_April23_CPI_data[[#This Row],[Pan, tobacco and intoxicants]]) -> 105.85 | AF13: =AVERAGE(All_India_Index_Upto_April23_CPI_data[[#This Row],[Household goods and services]],All_India_Index_Upto_April23_CPI_data[[#This Row],[Housing]]) -> 103.4 | AG13: =AVERAGE(All_India_Index_Upto_April23_CPI_data[[#This Row],[Personal care and effects]],All_India_Index_Upto_April23_CPI_data[[#This Row],[Health]]) -> 104.1 | AH13: =AVERAGE(All_India_Index_Upto_April23_CPI_data[[#This Row],[Clothing]:[Clothing and footwear]]) -> 107.63333 | AI13: 106.1 | AJ13: =(All_India_Index_Upto_April23_CPI_data[[#This Row],[General index]]-AI10)/AI10 -> 0.0056872038 | AQ13: Rural+Urban | AR13: 2022 | AS13: August | AT13: 160.3 | AU13: 206.5 | AV13: 169.2 | AW13: 168.1 | AX13: 192.4 | AY13: 172.9 | AZ13: 186.7 | BA13: 167.2 | BB13: 120.9 | BC13: 193.6 | BD13: 168.8 | BE13: 186.3 | BF13: 176.3 | BG13: 174.55385 | BH13: =BG13-BG10 -> 0.22307692 | BI13: =BH13/BG10 -> 0.0012796188 | BO13: Rural+Urban | BP13: 2021 | BQ13: April | BR13: =DATE(BP13,MONTH(DATEVALUE("1 "&BQ13)),1) -> 44287 | BS13: 144.3 | BT13: 198 | BU13: 164.6 | BV13: 155.4 | BW13: 170.1 | BX13: 164.4 | BY13: 144.1 | BZ13: 161.7 | CA13: 113.1 | CB13: 163.9 | CC13: 157.6 | CD13: 168.9 | CE13: 158 | CF13: 188.8 | CG13: 158.8 | CH13: 148.5 | CI13: 157.3 | CJ13: 161.4 | CK13: 155.6 | CL13: 151.8 | CM13: 162.3 | CN13: 146.6 | CO13: 153.2 | CP13: 160.3 | CQ13: 155.4 | CR13: 154.4 | CS13: 158.77692 | CT13: 171 | CU13: 156.6 | CV13: 158.85 | CW13: 154.86667 | CX13: 157.8 | CY13: 0.006377551 | CZ13: =VLOOKUP(BR13,'OIL PRICE'!$A$1:$B$27,2,0) -> 63.4
A14: Rural | B14: 2013 | C14: May | D14: 110.9 | E14: 109.8 | F14: 105.9 | G14: 107.5 | H14: 105.3 | I14: 108.1 | J14: 107.3 | K14: 106.1 | L14: 103.7 | M14: 104 | N14: 107.4 | O14: 109.9 | P14: 108.1 | Q14: 108.1 | R14: 108.8 | S14: 107.9 | T14: 108.6 | U14: 0 | V14: 107.5 | W14: 106.8 | X14: 105.7 | Y14: 104.1 | Z14: 105 | AA14: 105.5 | AB14: 102.1 | AC14: 104.8 | AD14: =AVERAGE(All_India_Index_Upto_April23_CPI_data[[#This Row],[Cereals and products]:[Food and beverages]]) -> 107.23077 | AE14: =AVERAGE(All_India_Index_Upto_April23_CPI_data[[#This Row],[Recreation and amusement]],All_India_Index_Upto_April23_CPI_data[[#This Row],[Pan, tobacco and intoxicants]]) -> 106.55 | AF14: =AVERAGE(All_India_Index_Upto_April23_CPI_data[[#This Row],[Household goods and services]],All_India_Index_Upto_April23_CPI_data[[#This Row],[Housing]]) -> 53.4 | AG14: =AVERAGE(All_India_Index_Upto_April23_CPI_data[[#This Row],[Personal care and effects]],All_India_Index_Upto_April23_CPI_data[[#This Row],[Health]]) -> 103.9 | AH14: =AVERAGE(All_India_Index_Upto_April23_CPI_data[[#This Row],[Clothing]:[Clothing and footwear]]) -> 108.43333 | AI14: 107.2 | AJ14: =(All_India_Index_Upto_April23_CPI_data[[#This Row],[General index]]-AI11)/AI11 -> 0.007518797 | AQ14: Rural | AR14: 2022 | AS14: September | AT14: 162.9 | AU14: 206.7 | AV14: 169 | AW14: 169.5 | AX14: 194.1 | AY14: 164.1 | AZ14: 176.9 | BA14: 169 | BB14: 120.8 | BC14: 199.1 | BD14: 175.4 | BE14: 184.8 | BF14: 175.5 | BG14: 174.44615 | BH14: =BG14-BG11 -> 0.92307692 | BI14: =BH14/BG11 -> 0.0053196205 | BO14: Rural | BP14: 2021 | BQ14: May | BR14: =DATE(BP14,MONTH(DATEVALUE("1 "&BQ14)),1) -> 44317 | BS14: 145.1 | BT14: 198.5 | BU14: 168.6 | BV14: 155.8 | BW14: 184.4 | BX14: 162.3 | BY14: 138.4 | BZ14: 165.1 | CA14: 114.3 | CB14: 169.7 | CC14: 164.6 | CD14: 169.8 | CE14: 158.7 | CF14: 189.6 | CG14: 165.3 | CH14: 160.6 | CI14: 164.5 | CJ14: 0 | CK14: 161.7 | CL14: 158.8 | CM14: 169.1 | CN14: 153.2 | CO14: 160 | CP14: 167.6 | CQ14: 159.3 | CR14: 161.1 | CS14: 161.17692 | CT14: 174.8 | CU14: 79.4 | CV14: 164.2 | CW14: 163.46667 | CX14: 161.1 | CY14: 0.022208122 | CZ14: =VLOOKUP(BR14,'OIL PRICE'!$A$1:$B$27,2,0) -> 66.95
A15: Urban | B15: 2013 | C15: May | D15: 115.4 | E15: 114.2 | F15: 102.7 | G15: 105.5 | H15: 101.5 | I15: 110.6 | J15: 123.7 | K15: 105.2 | L15: 101.9 | M15: 105 | N15: 109.1 | O15: 111.3 | P15: 111.1 | Q15: 109.8 | R15: 108.5 | S15: 106.7 | T15: 108.3 | U15: 100.5 | V15: 107.2 | W15: 107.1 | X15: 106.2 | Y15: 103.9 | Z15: 104.6 | AA15: 105.7 | AB15: 102.6 | AC15: 104.9 | AD15: =AVERAGE(All_India_Index_Upto_April23_CPI_data[[#This Row],[Cereals and products]:[Food and beverages]]) -> 109.01538 | AE15: =AVERAGE(All_India_Index_Upto_April23_CPI_data[[#This Row],[Recreation and amusement]],All_India_Index_Upto_April23_CPI_data[[#This Row],[Pan, tobacco and intoxicants]]) -> 107.2 | AF15: =AVERAGE(All_India_Index_Upto_April23_CPI_data[[#This Row],[Household goods and services]],All_India_Index_Upto_April23_CPI_data[[#This Row],[Housing]]) -> 103.8 | AG15: =AVERAGE(All_India_Index_Upto_April23_CPI_data[[#This Row],[Personal care and effects]],All_India_Index_Upto_April23_CPI_data[[#This Row],[Health]]) -> 104.4 | AH15: =AVERAGE(All_India_Index_Upto_April23_CPI_data[[#This Row],[Clothing]:[Clothing and footwear]]) -> 107.83333 | AI15: 106.6 | AJ15: =(All_India_Index_Upto_April23_CPI_data[[#This Row],[General index]]-AI12)/AI12 -> 0.0085146641 | AQ15: Urban | AR15: 2022 | AS15: September | AT15: 164.9 | AU15: 213.7 | AV15: 170.9 | AW15: 170.1 | AX15: 179.3 | AY15: 167.5 | AZ15: 220.8 | BA15: 169.2 | BB15: 123.1 | BC15: 193.6 | BD15: 161.1 | BE15: 190.4 | BF15: 181.8 | BG15: 177.41538 | BH15: =BG15-BG12 -> 0.97692308 | BI15: =BH15/BG12 -> 0.0055369054 | BO15: Urban | BP15: 2021 | BQ15: May | BR15: =DATE(BP15,MONTH(DATEVALUE("1 "&BQ15)),1) -> 44317 | BS15: 148.8 | BT15: 204.3 | BU15: 173 | BV15: 156.5 | BW15: 168.8 | BX15: 172.5 | BY15: 166.5 | BZ15: 165.9 | CA15: 115.9 | CB15: 165.2 | CC15: 152 | CD15: 171.1 | CE15: 164.2 | CF15: 198.2 | CG15: 156.5 | CH15: 140.2 | CI15: 154.1 | CJ15: 161.6 | CK15: 155.5 | CL15: 150.1 | CM15: 160.4 | CN15: 145 | CO15: 152.6 | CP15: 156.6 | CQ15: 157.5 | CR15: 152.3 | CS15: 163.43846 | CT15: 175.4 | CU15: 155.85 | CV15: 158.95 | CW15: 150.26667 | CX15: 159.5 | CY15: 0.0094936709 | CZ15: =VLOOKUP(BR15,'OIL PRICE'!$A$1:$B$27,2,0) -> 66.95
A16: Rural+Urban | B16: 2013 | C16: May | D16: 112.3 | E16: 111.3 | F16: 104.7 | G16: 106.8 | H16: 103.9 | I16: 109.3 | J16: 112.9 | K16: 105.8 | L16: 103.1 | M16: 104.3 | N16: 108.1 | O16: 110.5 | P16: 109.2 | Q16: 108.6 | R16: 108.7 | S16: 107.4 | T16: 108.5 | U16: 100.5 | V16: 107.4 | W16: 106.9 | X16: 105.9 | Y16: 104 | Z16: 104.8 | AA16: 105.6 | AB16: 102.3 | AC16: 104.8 | AD16: =AVERAGE(All_India_Index_Upto_April23_CPI_data[[#This Row],[Cereals and products]:[Food and beverages]]) -> 107.86154 | AE16: =AVERAGE(All_India_Index_Upto_April23_CPI_data[[#This Row],[Recreation and amusement]],All_India_Index_Upto_April23_CPI_data[[#This Row],[Pan, tobacco and intoxicants]]) -> 106.7 | AF16: =AVERAGE(All_India_Index_Upto_April23_CPI_data[[#This Row],[Household goods and services]],All_India_Index_Upto_April23_CPI_data[[#This Row],[Housing]]) -> 103.7 | AG16: =AVERAGE(All_India_Index_Upto_April23_CPI_data[[#This Row],[Personal care and effects]],All_India_Index_Upto_April23_CPI_data[[#This Row],[Health]]) -> 104.1 | AH16: =AVERAGE(All_India_Index_Upto_April23_CPI_data[[#This Row],[Clothing]:[Clothing and footwear]]) -> 108.2 | AI16: 106.9 | AJ16: =(All_India_Index_Upto_April23_CPI_data[[#This Row],[General index]]-AI13)/AI13 -> 0.0075400566 | AQ16: Rural+Urban | AR16: 2022 | AS16: September | AT16: 163.5 | AU16: 209.2 | AV16: 169.7 | AW16: 169.7 | AX16: 188.7 | AY16: 165.7 | AZ16: 191.8 | BA16: 169.1 | BB16: 121.6 | BC16: 197.3 | BD16: 169.4 | BE16: 187.4 | BF16: 177.8 | BG16: 175.45385 | BH16: =BG16-BG13 -> 0.9 | BI16: =BH16/BG13 -> 0.0051560021 | BO16: Rural+Urban | BP16: 2021 | BQ16: May | BR16: =DATE(BP16,MONTH(DATEVALUE("1 "&BQ16)),1) -> 44317 | BS16: 146.3 | BT16: 200.5 | BU16: 170.3 | BV16: 156.1 | BW16: 178.7 | BX16: 167.1 | BY16: 147.9 | BZ16: 165.4 | CA16: 114.8 | CB16: 168.2 | CC16: 159.3 | CD16: 170.4 | CE16: 160.7 | CF16: 191.9 | CG16: 161.8 | CH16: 152.1 | CI16: 160.4 | CJ16: 161.6 | CK16: 159.4 | CL16: 154.7 | CM16: 165.8 | CN16: 148.9 | CO16: 155.8 | CP16: 161.2 | CQ16: 158.6 | CR16: 156.8 | CS16: 161.97692 | CT16: 173.85 | CU16: 158.15 | CV16: 162.2 | CW16: 158.1 | CX16: 160.4 | CY16: 0.016476553 | CZ16: =VLOOKUP(BR16,'OIL PRICE'!$A$1:$B$27,2,0) -> 66.95
... A40: Rural+Urban | B40: 2014 | C40: January | D40: 119.6 | E40: 118.8 | F40: 124.1 | G40: 114.1 | H40: 106.8 | I40: 113.9 | J40: 122.2 | K40: 108.9 | L40: 100.2 | M40: 111 | N40: 112.3 | O40: 118.1 | P40: 115.8 | Q40: 114.5 | R40: 115.8 | S40: 113.2 | T40: 115.4 | U40: 111.6 | V40: 112.2 | W40: 112.3 | X40: 110.3 | Y40: 110.7 | Z40: 109.7 | AA40: 111.6 | AB40: 108.2 | AC40: 110.6 | AD40: =AVERAGE(All_India_Index_Upto_April23_CPI_data[[#This Row],[Cereals and products]:[Food and beverages]]) -> 114.29231 | AE40: =AVERAGE(All_India_Index_Upto_April23_CPI_data[[#This Row],[Recreation and amusement]],All_India_Index_Upto_April23_CPI_data[[#This Row],[Pan, tobacco and intoxicants]]) -> 112.1 | AF40: =AVERAGE(All_India_Index_Upto_April23_CPI_data[[#This Row],[Household goods and services]],All_India_Index_Upto_April23_CPI_data[[#This Row],[Housing]]) -> 111.95 | AG40: =AVERAGE(All_India_Index_Upto_April23_CPI_data[[#This Row],[Personal care and effects]],All_India_Index_Upto_April23_CPI_data[[#This Row],[Health]]) -> 109.25 | AH40: =AVERAGE(All_India_Index_Upto_April23_CPI_data[[#This Row],[Clothing]:[Clothing and footwear]]) -> 114.8 | AI40: 113.6 | AJ40: =(All_India_Index_Upto_April23_CPI_data[[#This Row],[General index]]-AI37)/AI37 -> -0.007860262 | AQ40: Rural+Urban | AR40: 2023 | AS40: May | AT40: 173.7 | AU40: 214.3 | AV40: 173.2 | AW40: 179.5 | AX40: 170 | AY40: 172.2 | AZ40: 161 | BA40: 175.6 | BB40: 122.7 | BC40: 218 | BD40: 173.4 | BE40: 194.2 | BF40: 179.1 | BG40: 177.45385 | BH40: =BG40-BG37 -> 1.3307692 | BI40: =BH40/BG37 -> 0.007555905 | BO40: Rural+Urban | BP40: 2022 | BQ40: January | BR40: =DATE(BP40,MONTH(DATEVALUE("1 "&BQ40)),1) -> 44562 | BS40: 149.5 | BT40: 198.7 | BU40: 178.8 | BV40: 160.5 | BW40: 184.7 | BX40: 153.7 | BY40: 174.3 | BZ40: 163.9 | CA40: 120 | CB40: 172.1 | CC40: 164.3 | CD40: 177.3 | CE40: 166.4 | CF40: 192.2 | CG40: 169.9 | CH40: 160.7 | CI40: 168.5 | CJ40: 164.5 | CK40: 164.2 | CL40: 161.1 | CM40: 171.4 | CN40: 156.5 | CO40: 161.2 | CP40: 164.7 | CQ40: 163 | CR40: 162.7 | CS40: 166.47692 | CT40: 176.7 | CU40: 162.8 | CV40: 167.2 | CW40: 166.36667 | CX40: 165.7 | CY40: -0.0030084236 | CZ40: =VLOOKUP(BR40,'OIL PRICE'!$A$1:$B$27,2,0) -> 84.67
A41: Rural | B41: 2014 | C41: February | D41: 119.4 | E41: 117.7 | F41: 121.2 | G41: 115 | H41: 109 | I41: 116.6 | J41: 116 | K41: 109.8 | L41: 101.1 | M41: 110.4 | N41: 112.9 | O41: 117.8 | P41: 115.3 | Q41: 114.2 | R41: 117.1 | S41: 114.5 | T41: 116.7 | U41: 0 | V41: 113.2 | W41: 112.9 | X41: 110.9 | Y41: 110.8 | Z41: 109.9 | AA41: 112 | AB41: 108.7 | AC41: 110.9 | AD41: =AVERAGE(All_India_Index_Upto_April23_CPI_data[[#This Row],[Cereals and products]:[Food and beverages]]) -> 114.01538 | AE41: =AVERAGE(All_India_Index_Upto_April23_CPI_data[[#This Row],[Recreation and amusement]],All_India_Index_Upto_April23_CPI_data[[#This Row],[Pan, tobacco and intoxicants]]) -> 112.05 | AF41: =AVERAGE(All_India_Index_Upto_April23_CPI_data[[#This Row],[Household goods and services]],All_India_Index_Upto_April23_CPI_data[[#This Row],[Housing]]) -> 56.45 | AG41: =AVERAGE(All_India_Index_Upto_April23_CPI_data[[#This Row],[Personal care and effects]],All_India_Index_Upto_April23_CPI_data[[#This Row],[Health]]) -> 109.8 | AH41: =AVERAGE(All_India_Index_Upto_April23_CPI_data[[#This Row],[Clothing]:[Clothing and footwear]]) -> 116.1 | AI41: 114 | AJ41: =(All_India_Index_Upto_April23_CPI_data[[#This Row],[General index]]-AI38)/AI38 -> -0.0017513135 | BO41: Rural | BP41: 2022 | BQ41: February | BR41: =DATE(BP41,MONTH(DATEVALUE("1 "&BQ41)),1) -> 44593 | BS41: 148.8 | BT41: 198.1 | BU41: 175.5 | BV41: 160.7 | BW41: 192.6 | BX41: 151.4 | BY41: 155.2 | BZ41: 163.9 | CA41: 118.1 | CB41: 175.4 | CC41: 170.5 | CD41: 176.3 | CE41: 163.9 | CF41: 191.5 | CG41: 174.1 | CH41: 171 | CI41: 173.7 | CJ41: 0 | CK41: 167.4 | CL41: 165.7 | CM41: 175.3 | CN41: 161.2 | CO41: 165.5 | CP41: 170.3 | CQ41: 164.5 | CR41: 167.3 | CS41: 165.41538 | CT41: 178.5 | CU41: 82.85 | CV41: 169.9 | CW41: 172.93333 | CX41: 166.7 | CY41: 0.0018028846 | CZ41: =VLOOKUP(BR41,'OIL PRICE'!$A$1:$B$27,2,0) -> 94.07
A42: Urban | B42: 2014 | C42: February | D42: 121.9 | E42: 122 | F42: 124.5 | G42: 115.2 | H42: 102.5 | I42: 114.1 | J42: 111.5 | K42: 108.2 | L42: 95.4 | M42: 113.5 | N42: 112.1 | O42: 119.9 | P42: 115.2 | Q42: 116.2 | R42: 115.3 | S42: 111.7 | T42: 114.7 | U42: 112.5 | V42: 111.1 | W42: 112.6 | X42: 110.4 | Y42: 111.3 | Z42: 110.3 | AA42: 111.6 | AB42: 108.7 | AC42: 111 | AD42: =AVERAGE(All_India_Index_Upto_April23_CPI_data[[#This Row],[Cereals and products]:[Food and beverages]]) -> 113.53846 | AE42: =AVERAGE(All_India_Index_Upto_April23_CPI_data[[#This Row],[Recreation and amusement]],All_India_Index_Upto_April23_CPI_data[[#This Row],[Pan, tobacco and intoxicants]]) -> 113.25 | AF42: =AVERAGE(All_India_Index_Upto_April23_CPI_data[[#This Row],[Household goods and services]],All_India_Index_Upto_April23_CPI_data[[#This Row],[Housing]]) -> 112.55 | AG42: =AVERAGE(All_India_Index_Upto_April23_CPI_data[[#This Row],[Personal care and effects]],All_India_Index_Upto_April23_CPI_data[[#This Row],[Health]]) -> 109.55 | AH42: =AVERAGE(All_India_Index_Upto_April23_CPI_data[[#This Row],[Clothing]:[Clothing and footwear]]) -> 113.9 | AI42: 113.1 | AJ42: =(All_India_Index_Upto_April23_CPI_data[[#This Row],[General index]]-AI39)/AI39 -> 0.0017714792 | BO42: Urban | BP42: 2022 | BQ42: February | BR42: =DATE(BP42,MONTH(DATEVALUE("1 "&BQ42)),1) -> 44593 | BS42: 152.5 | BT42: 205.2 | BU42: 176.4 | BV42: 160.6 | BW42: 171.5 | BX42: 156.4 | BY42: 198 | BZ42: 163.2 | CA42: 120.6 | CB42: 172.2 | CC42: 156.7 | CD42: 180 | CE42: 170.2 | CF42: 196.5 | CG42: 165.7 | CH42: 150.4 | CI42: 163.4 | CJ42: 165.5 | CK42: 163 | CL42: 157.4 | CM42: 167.2 | CN42: 153.1 | CO42: 159.5 | CP42: 162 | CQ42: 164.2 | CR42: 159.4 | CS42: 167.96154 | CT42: 178 | CU42: 161.45 | CV42: 165.7 | CW42: 159.83333 | CX42: 165.5 | CY42: 0.003030303 | CZ42: =VLOOKUP(BR42,'OIL PRICE'!$A$1:$B$27,2,0) -> 94.07
A43: Rural+Urban | B43: 2014 | C43: February | D43: 120.2 | E43: 119.2 | F43: 122.5 | G43: 115.1 | H43: 106.6 | I43: 115.4 | J43: 114.5 | K43: 109.3 | L43: 99.2 | M43: 111.4 | N43: 112.6 | O43: 118.8 | P43: 115.3 | Q43: 114.7 | R43: 116.4 | S43: 113.3 | T43: 115.9 | U43: 112.5 | V43: 112.4 | W43: 112.8 | X43: 110.7 | Y43: 111.1 | Z43: 110.1 | AA43: 111.8 | AB43: 108.7 | AC43: 110.9 | AD43: =AVERAGE(All_India_Index_Upto_April23_CPI_data[[#This Row],[Cereals and products]:[Food and beverages]]) -> 113.85385 | AE43: =AVERAGE(All_India_Index_Upto_April23_CPI_data[[#This Row],[Recreation and amusement]],All_India_Index_Upto_April23_CPI_data[[#This Row],[Pan, tobacco and intoxicants]]) -> 112.4 | AF43: =AVERAGE(All_India_Index_Upto_April23_CPI_data[[#This Row],[Household goods and services]],All_India_Index_Upto_April23_CPI_data[[#This Row],[Housing]]) -> 112.65 | AG43: =AVERAGE(All_India_Index_Upto_April23_CPI_data[[#This Row],[Personal care and effects]],All_India_Index_Upto_April23_CPI_data[[#This Row],[Health]]) -> 109.7 | AH43: =AVERAGE(All_India_Index_Upto_April23_CPI_data[[#This Row],[Clothing]:[Clothing and footwear]]) -> 115.2 | AI43: 113.6 | AJ43: =(All_India_Index_Upto_April23_CPI_data[[#This Row],[General index]]-AI40)/AI40 -> 0 | BO43: Rural+Urban | BP43: 2022 | BQ43: February | BR43: =DATE(BP43,MONTH(DATEVALUE("1 "&BQ43)),1) -> 44593 | BS43: 150 | BT43: 200.6 | BU43: 175.8 | BV43: 160.7 | BW43: 184.9 | BX43: 153.7 | BY43: 169.7 | BZ43: 163.7 | CA43: 118.9 | CB43: 174.3 | CC43: 164.7 | CD43: 178 | CE43: 166.2 | CF43: 192.8 | CG43: 170.8 | CH43: 162.4 | CI43: 169.6 | CJ43: 165.5 | CK43: 165.7 | CL43: 161.8 | CM43: 172.2 | CN43: 156.9 | CO43: 162.1 | CP43: 165.4 | CQ43: 164.4 | CR43: 163.5 | CS43: 166.24615 | CT43: 177.45 | CU43: 163.65 | CV43: 168.3 | CW43: 167.6 | CX43: 166.1 | CY43: 0.0024140012 | CZ43: =VLOOKUP(BR43,'OIL PRICE'!$A$1:$B$27,2,0) -> 94.07
A44: Rural | B44: 2014 | C44: March | D44: 120.1 | E44: 118.1 | F44: 120.7 | G44: 116.1 | H44: 109.3 | I44: 119.6 | J44: 117.9 | K44: 110.2 | L44: 101.2 | M44: 110.7 | N44: 113 | O44: 118.3 | P44: 116.2 | Q44: 114.6 | R44: 117.5 | S44: 114.9 | T44: 117.2 | U44: 0 | V44: 113.4 | W44: 113.4 | X44: 111.4 | Y44: 111.2 | Z44: 110.2 | AA44: 112.4 | AB44: 108.9 | AC44: 111.3 | AD44: =AVERAGE(All_India_Index_Upto_April23_CPI_data[[#This Row],[Cereals and products]:[Food and beverages]]) -> 114.72308 | AE44: =AVERAGE(All_India_Index_Upto_April23_CPI_data[[#This Row],[Recreation and amusement]],All_India_Index_Upto_April23_CPI_data[[#This Row],[Pan, tobacco and intoxicants]]) -> 112.4 | AF44: =AVERAGE(All_India_Index_Upto_April23_CPI_data[[#This Row],[Household goods and services]],All_India_Index_Upto_April23_CPI_data[[#This Row],[Housing]]) -> 56.7 | AG44: =AVERAGE(All_India_Index_Upto_April23_CPI_data[[#This Row],[Personal care and effects]],All_India_Index_Upto_April23_CPI_data[[#This Row],[Health]]) -> 110.15 | AH44: =AVERAGE(All_India_Index_Upto_April23_CPI_data[[#This Row],[Clothing]:[Clothing and footwear]]) -> 116.53333 | AI44: 114.6 | AJ44: =(All_India_Index_Upto_April23_CPI_data[[#This Row],[General index]]-AI41)/AI41 -> 0.0052631579 | BO44: Rural | BP44: 2022 | BQ44: March | BR44: =DATE(BP44,MONTH(DATEVALUE("1 "&BQ44)),1) -> 44621 | BS44: 150.2 | BT44: 208 | BU44: 167.9 | BV44: 162 | BW44: 203.1 | BX44: 155.9 | BY44: 155.8 | BZ44: 164.2 | CA44: 118.1 | CB44: 178.7 | CC44: 171.2 | CD44: 177.4 | CE44: 166.6 | CF44: 192.3 | CG44: 175.4 | CH44: 173.2 | CI44: 175.1 | CJ44: 0 | CK44: 168.9 | CL44: 166.5 | CM44: 176 | CN44: 162 | CO44: 166.6 | CP44: 170.6 | CQ44: 167.4 | CR44: 168.3 | CS44: 167.62308 | CT44: 179.45 | CU44: 83.25 | CV44: 171.7 | CW44: 174.56667 | CX44: 168.7 | CY44: 0.0119976 | CZ44: =VLOOKUP(BR44,'OIL PRICE'!$A$1:$B$27,2,0) -> 112.87
A45: Urban | B45: 2014 | C45: March | D45: 122.1 | E45: 121.4 | F45: 121.5 | G45: 116.2 | H45: 102.8 | I45: 117.7 | J45: 113.3 | K45: 108.9 | L45: 96.3 | M45: 114.1 | N45: 112.2 | O45: 120.5 | P45: 116 | Q45: 116.7 | R45: 115.8 | S45: 112.1 | T45: 115.2 | U45: 113.2 | V45: 110.9 | W45: 113 | X45: 110.8 | Y45: 111.6 | Z45: 110.9 | AA45: 111.8 | AB45: 109.2 | AC45: 111.4 | AD45: =AVERAGE(All_India_Index_Upto_April23_CPI_data[[#This Row],[Cereals and products]:[Food and beverages]]) -> 114.07692 | AE45: =AVERAGE(All_India_Index_Upto_April23_CPI_data[[#This Row],[Recreation and amusement]],All_India_Index_Upto_April23_CPI_data[[#This Row],[Pan, tobacco and intoxicants]]) -> 113.8 | AF45: =AVERAGE(All_India_Index_Upto_April23_CPI_data[[#This Row],[Household goods and services]],All_India_Index_Upto_April23_CPI_data[[#This Row],[Housing]]) -> 113.1 | AG45: =AVERAGE(All_India_Index_Upto_April23_CPI_data[[#This Row],[Personal care and effects]],All_India_Index_Upto_April23_CPI_data[[#This Row],[Health]]) -> 110 | AH45: =AVERAGE(All_India_Index_Upto_April23_CPI_data[[#This Row],[Clothing]:[Clothing and footwear]]) -> 114.36667 | AI45: 113.7 | AJ45: =(All_India_Index_Upto_April23_CPI_data[[#This Row],[General index]]-AI42)/AI42 -> 0.0053050398 | BO45: Urban | BP45: 2022 | BQ45: March | BR45: =DATE(BP45,MONTH(DATEVALUE("1 "&BQ45)),1) -> 44621 | BS45: 153.7 | BT45: 215.8 | BU45: 167.7 | BV45: 162.6 | BW45: 180 | BX45: 159.6 | BY45: 188.4 | BZ45: 163.4 | CA45: 120.3 | CB45: 174.7 | CC45: 157.1 | CD45: 181.5 | CE45: 171.5 | CF45: 197.5 | CG45: 167.1 | CH45: 152.6 | CI45: 164.9 | CJ45: 165.3 | CK45: 164.5 | CL45: 158.6 | CM45: 168.2 | CN45: 154.2 | CO45: 160.8 | CP45: 162.7 | CQ45: 166.8 | CR45: 160.6 | CS45: 168.94615 | CT45: 179.15 | CU45: 161.95 | CV45: 167.5 | CW45: 161.53333 | CX45: 166.5 | CY45: 0.0060422961 | CZ45: =VLOOKUP(BR45,'OIL PRICE'!$A$1:$B$27,2,0) -> 112.87
A46: Rural+Urban | B46: 2014 | C46: March | D46: 120.7 | E46: 119.3 | F46: 121 | G46: 116.1 | H46: 106.9 | I46: 118.7 | J46: 116.3 | K46: 109.8 | L46: 99.6 | M46: 111.8 | N46: 112.7 | O46: 119.3 | P46: 116.1 | Q46: 115.2 | R46: 116.8 | S46: 113.7 | T46: 116.4 | U46: 113.2 | V46: 112.5 | W46: 113.2 | X46: 111.2 | Y46: 111.4 | Z46: 110.6 | AA46: 112 | AB46: 109 | AC46: 111.3 | AD46: =AVERAGE(All_India_Index_Upto_April23_CPI_data[[#This Row],[Cereals and products]:[Food and beverages]]) -> 114.48462 | AE46: =AVERAGE(All_India_Index_Upto_April23_CPI_data[[#This Row],[Recreation and amusement]],All_India_Index_Upto_April23_CPI_data[[#This Row],[Pan, tobacco and intoxicants]]) -> 112.9 | AF46: =AVERAGE(All_India_Index_Upto_April23_CPI_data[[#This Row],[Household goods and services]],All_India_Index_Upto_April23_CPI_data[[#This Row],[Housing]]) -> 113.2 | AG46: =AVERAGE(All_India_Index_Upto_April23_CPI_data[[#This Row],[Personal care and effects]],All_India_Index_Upto_April23_CPI_data[[#This Row],[Health]]) -> 110.1 | AH46: =AVERAGE(All_India_Index_Upto_April23_CPI_data[[#This Row],[Clothing]:[Clothing and footwear]]) -> 115.63333 | AI46: 114.2 | AJ46: =(All_India_Index_Upto_April23_CPI_data[[#This Row],[General index]]-AI43)/AI43 -> 0.0052816901 | BO46: Rural+Urban | BP46: 2022 | BQ46: March | BR46: =DATE(BP46,MONTH(DATEVALUE("1 "&BQ46)),1) -> 44621 | BS46: 151.3 | BT46: 210.7 | BU46: 167.8 | BV46: 162.2 | BW46: 194.6 | BX46: 157.6 | BY46: 166.9 | BZ46: 163.9 | CA46: 118.8 | CB46: 177.4 | CC46: 165.3 | CD46: 179.3 | CE46: 168.4 | CF46: 193.7 | CG46: 172.1 | CH46: 164.6 | CI46: 171.1 | CJ46: 165.3 | CK46: 167.2 | CL46: 162.8 | CM46: 173 | CN46: 157.9 | CO46: 163.3 | CP46: 166 | CQ46: 167.2 | CR46: 164.6 | CS46: 168.01538 | CT46: 178.5 | CU46: 164.05 | CV46: 170.1 | CW46: 169.26667 | CX46: 167.7 | CY46: 0.0096327514 | CZ46: =VLOOKUP(BR46,'OIL PRICE'!$A$1:$B$27,2,0) -> 112.87
A47: Rural | B47: 2014 | C47: April | D47: 120.2 | E47: 118.9 | F47: 118.1 | G47: 117 | H47: 109.7 | I47: 125.5 | J47: 120.5 | K47: 111 | L47: 102.6 | M47: 111.2 | N47: 113.5 | O47: 118.7 | P47: 117.2 | Q47: 115.4 | R47: 118.1 | S47: 116.1 | T47: 117.8 | U47: 0 | V47: 113.4 | W47: 113.7 | X47: 111.8 | Y47: 111.2 | Z47: 110.5 | AA47: 113 | AB47: 108.9 | AC47: 111.5 | AD47: =AVERAGE(All_India_Index_Upto_April23_CPI_data[[#This Row],[Cereals and products]:[Food and beverages]]) -> 115.7 | AE47: =AVERAGE(All_India_Index_Upto_April23_CPI_data[[#This Row],[Recreation and amusement]],All_India_Index_Upto_April23_CPI_data[[#This Row],[Pan, tobacco and intoxicants]]) -> 112.95 | AF47: =AVERAGE(All_India_Index_Upto_April23_CPI_data[[#This Row],[Household goods and services]],All_India_Index_Upto_April23_CPI_data[[#This Row],[Housing]]) -> 56.85 | AG47: =AVERAGE(All_India_Index_Upto_April23_CPI_data[[#This Row],[Personal care and effects]],All_India_Index_Upto_April23_CPI_data[[#This Row],[Health]]) -> 110.35 | AH47: =AVERAGE(All_India_Index_Upto_April23_CPI_data[[#This Row],[Clothing]:[Clothing and footwear]]) -> 117.33333 | AI47: 115.4 | AJ47: =(All_India_Index_Upto_April23_CPI_data[[#This Row],[General index]]-AI44)/AI44 -> 0.0069808028 | BO47: Rural | BP47: 2022 | BQ47: April | BR47: =DATE(BP47,MONTH(DATEVALUE("1 "&BQ47)),1) -> 44652 | BS47: 151.8 | BT47: 209.7 | BU47: 164.5 | BV47: 163.8 | BW47: 207.4 | BX47: 169.7 | BY47: 153.6 | BZ47: 165.1 | CA47: 118.2 | CB47: 182.9 | CC47: 172.4 | CD47: 178.9 | CE47: 168.6 | CF47: 192.8 | CG47: 177.5 | CH47: 175.1 | CI47: 177.1 | CJ47: 0 | CK47: 173.3 | CL47: 167.7 | CM47: 177 | CN47: 166.2 | CO47: 167.2 | CP47: 170.9 | CQ47: 169 | CR47: 170.2 | CS47: 169.73846 | CT47: 180 | CU47: 83.85 | CV47: 173 | CW47: 176.56667 | CX47: 170.8 | CY47: 0.012448133 | CZ47: =VLOOKUP(BR47,'OIL PRICE'!$A$1:$B$27,2,0) -> 102.97
A48: Urban | B48: 2014 | C48: April | D48: 122.5 | E48: 121.7 | F48: 113.3 | G48: 117 | H48: 103.1 | I48: 126.7 | J48: 121.2 | K48: 111 | L48: 100.3 | M48: 115.3 | N48: 112.7 | O48: 121 | P48: 118.2 | Q48: 117.6 | R48: 116.3 | S48: 112.5 | T48: 115.7 | U48: 113.9 | V48: 110.9 | W48: 113.4 | X48: 111 | Y48: 111.2 | Z48: 111.2 | AA48: 112.5 | AB48: 109.1 | AC48: 111.4 | AD48: =AVERAGE(All_India_Index_Upto_April23_CPI_data[[#This Row],[Cereals and products]:[Food and beverages]]) -> 115.69231 | AE48: =AVERAGE(All_India_Index_Upto_April23_CPI_data[[#This Row],[Recreation and amusement]],All_India_Index_Upto_April23_CPI_data[[#This Row],[Pan, tobacco and intoxicants]]) -> 114.4 | AF48: =AVERAGE(All_India_Index_Upto_April23_CPI_data[[#This Row],[Household goods and services]],All_India_Index_Upto_April23_CPI_data[[#This Row],[Housing]]) -> 113.65 | AG48: =AVERAGE(All_India_Index_Upto_April23_CPI_data[[#This Row],[Personal care and effects]],All_India_Index_Upto_April23_CPI_data[[#This Row],[Health]]) -> 110.05 | AH48: =AVERAGE(All_India_Index_Upto_April23_CPI_data[[#This Row],[Clothing]:[Clothing and footwear]]) -> 114.83333 | AI48: 114.7 | AJ48: =(All_India_Index_Upto_April23_CPI_data[[#This Row],[General index]]-AI45)/AI45 -> 0.0087950748 | BO48: Urban | BP48: 2022 | BQ48: April | BR48: =DATE(BP48,MONTH(DATEVALUE("1 "&BQ48)),1) -> 44652 | BS48: 155.4 | BT48: 215.8 | BU48: 164.6 | BV48: 164.2 | BW48: 186 | BX48: 175.9 | BY48: 190.7 | BZ48: 164 | CA48: 120.5 | CB48: 178 | CC48: 157.5 | CD48: 183.3 | CE48: 174.5 | CF48: 197.1 | CG48: 168.4 | CH48: 154.5 | CI48: 166.3 | CJ48: 167 | CK48: 170.5 | CL48: 159.8 | CM48: 169 | CN48: 159.3 | CO48: 162.2 | CP48: 164 | CQ48: 168.4 | CR48: 163.1 | CS48: 171.56923 | CT48: 179.65 | CU48: 163.4 | CV48: 168.7 | CW48: 163.06667 | CX48: 169.2 | CY48: 0.016216216 | CZ48: =VLOOKUP(BR48,'OIL PRICE'!$A$1:$B$27,2,0) -> 102.97
A49: Rural+Urban | B49: 2014 | C49: April | D49: 120.9 | E49: 119.9 | F49: 116.2 | G49: 117 | H49: 107.3 | I49: 126.1 | J49: 120.7 | K49: 111 | L49: 101.8 | M49: 112.6 | N49: 113.2 | O49: 119.8 | P49: 117.6 | Q49: 116 | R49: 117.4 | S49: 114.6 | T49: 117 | U49: 113.9 | V49: 112.5 | W49: 113.6 | X49: 111.5 | Y49: 111.2 | Z49: 110.9 | AA49: 112.7 | AB49: 109 | AC49: 111.5 | AD49: =AVERAGE(All_India_Index_Upto_April23_CPI_data[[#This Row],[Cereals and products]:[Food and beverages]]) -> 115.7 | AE49: =AVERAGE(All_India_Index_Upto_April23_CPI_data[[#This Row],[Recreation and amusement]],All_India_Index_Upto_April23_CPI_data[[#This Row],[Pan, tobacco and intoxicants]]) -> 113.45 | AF49: =AVERAGE(All_India_Index_Upto_April23_CPI_data[[#This Row],[Household goods and services]],All_India_Index_Upto_April23_CPI_data[[#This Row],[Housing]]) -> 113.75 | AG49: =AVERAGE(All_India_Index_Upto_April23_CPI_data[[#This Row],[Personal care and effects]],All_India_Index_Upto_April23_CPI_data[[#This Row],[Health]]) -> 110.25 | AH49: =AVERAGE(All_India_Index_Upto_April23_CPI_data[[#This Row],[Clothing]:[Clothing and footwear]]) -> 116.33333 | AI49: 115.1 | AJ49: =(All_India_Index_Upto_April23_CPI_data[[#This Row],[General index]]-AI46)/AI46 -> 0.0078809107 | BO49: Rural+Urban | BP49: 2022 | BQ49: April | BR49: =DATE(BP49,MONTH(DATEVALUE("1 "&BQ49)),1) -> 44652 | BS49: 152.9 | BT49: 211.8 | BU49: 164.5 | BV49: 163.9 | BW49: 199.5 | BX49: 172.6 | BY49: 166.2 | BZ49: 164.7 | CA49: 119 | CB49: 181.3 | CC49: 166.2 | CD49: 180.9 | CE49: 170.8 | CF49: 193.9 | CG49: 173.9 | CH49: 166.5 | CI49: 172.8 | CJ49: 167 | CK49: 172.2 | CL49: 164 | CM49: 174 | CN49: 162.6 | CO49: 164.4 | CP49: 166.9 | CQ49: 168.8 | CR49: 166.8 | CS49: 170.33077 | CT49: 179.15 | CU49: 165.5 | CV49: 171.4 | CW49: 171.06667 | CX49: 170.1 | CY49: 0.01431127 | CZ49: =VLOOKUP(BR49,'OIL PRICE'!$A$1:$B$27,2,0) -> 102.97
A50: Rural | B50: 2014 | C50: May | D50: 120.3 | E50: 120.2 | F50: 116.9 | G50: 118 | H50: 110.1 | I50: 126.3 | J50: 123.9 | K50: 111.5 | L50: 103.5 | M50: 111.6 | N50: 114.2 | O50: 119.2 | P50: 118.2 | Q50: 116.3 | R50: 118.7 | S50: 116.8 | T50: 118.5 | U50: 0 | V50: 113.4 | W50: 114.1 | X50: 112.1 | Y50: 111.4 | Z50: 110.9 | AA50: 113.1 | AB50: 108.9 | AC50: 111.8 | AD50: =AVERAGE(All_India_Index_Upto_April23_CPI_data[[#This Row],[Cereals and products]:[Food and beverages]]) -> 116.45385 | AE50: =AVERAGE(All_India_Index_Upto_April23_CPI_data[[#This Row],[Recreation and amusement]],All_India_Index_Upto_April23_CPI_data[[#This Row],[Pan, tobacco and intoxicants]]) -> 113.6 | AF50: =AVERAGE(All_India_Index_Upto_April23_CPI_data[[#This Row],[Household goods and services]],All_India_Index_Upto_April23_CPI_data[[#This Row],[Housing]]) -> 57.05 | AG50: =AVERAGE(All_India_Index_Upto_April23_CPI_data[[#This Row],[Personal care and effects]],All_India_Index_Upto_April23_CPI_data[[#This Row],[Health]]) -> 110.5 | AH50: =AVERAGE(All_India_Index_Upto_April23_CPI_data[[#This Row],[Clothing]:[Clothing and footwear]]) -> 118 | AI50: 116 | AJ50: =(All_India_Index_Upto_April23_CPI_data[[#This Row],[General index]]-AI47)/AI47 -> 0.0051993068 | BO50: Rural | BP50: 2022 | BQ50: May | BR50: =DATE(BP50,MONTH(DATEVALUE("1 "&BQ50)),1) -> 44682 | BS50: 152.9 | BT50: 214.7 | BU50: 161.4 | BV50: 164.6 | BW50: 209.9 | BX50: 168 | BY50: 160.4 | BZ50: 165 | CA50: 118.9 | CB50: 186.6 | CC50: 173.2 | CD50: 180.4 | CE50: 170.8 | CF50: 192.9 | CG50: 179.3 | CH50: 177.2 | CI50: 179 | CJ50: 0 | CK50: 175.3 | CL50: 168.9 | CM50: 177.7 | CN50: 167.1 | CO50: 167.6 | CP50: 171.8 | CQ50: 168.5 | CR50: 170.9 | CS50: 171.29231 | CT50: 180.25 | CU50: 84.45 | CV50: 173.1 | CW50: 178.5 | CX50: 172.5 | CY50: 0.0099531616 | CZ50: =VLOOKUP(BR50,'OIL PRICE'!$A$1:$B$27,2,0) -> 109.51
A51: Urban | B51: 2014 | C51: May | D51: 122.7 | E51: 124.1 | F51: 114.2 | G51: 119.1 | H51: 103.5 | I51: 129.2 | J51: 127 | K51: 112.6 | L51: 101.3 | M51: 117 | N51: 112.9 | O51: 121.7 | P51: 120 | Q51: 118.3 | R51: 116.8 | S51: 112.9 | T51: 116.2 | U51: 114.3 | V51: 111.1 | W51: 114.1 | X51: 111.2 | Y51: 111.3 | Z51: 111.5 | AA51: 112.9 | AB51: 109.3 | AC51: 111.7 | AD51: =AVERAGE(All_India_Index_Upto_April23_CPI_data[[#This Row],[Cereals and products]:[Food and beverages]]) -> 117.33077 | AE51: =AVERAGE(All_India_Index_Upto_April23_CPI_data[[#This Row],[Recreation and amusement]],All_India_Index_Upto_April23_CPI_data[[#This Row],[Pan, tobacco and intoxicants]]) -> 114.9 | AF51: =AVERAGE(All_India_Index_Upto_April23_CPI_data[[#This Row],[Household goods and services]],All_India_Index_Upto_April23_CPI_data[[#This Row],[Housing]]) -> 114.2 | AG51: =AVERAGE(All_India_Index_Upto_April23_CPI_data[[#This Row],[Personal care and effects]],All_India_Index_Upto_April23_CPI_data[[#This Row],[Health]]) -> 110.25 | AH51: =AVERAGE(All_India_Index_Upto_April23_CPI_data[[#This Row],[Clothing]:[Clothing and footwear]]) -> 115.3 | AI51: 115.6 | AJ51: =(All_India_Index_Upto_April23_CPI_data[[#This Row],[General index]]-AI48)/AI48 -> 0.0078465562 | BO51: Urban | BP51: 2022 | BQ51: May | BR51: =DATE(BP51,MONTH(DATEVALUE("1 "&BQ51)),1) -> 44682 | BS51: 156.7 | BT51: 221.2 | BU51: 164.1 | BV51: 165.4 | BW51: 189.5 | BX51: 174.5 | BY51: 203.2 | BZ51: 164.1 | CA51: 121.2 | CB51: 181.4 | CC51: 158.5 | CD51: 184.9 | CE51: 177.5 | CF51: 197.5 | CG51: 170 | CH51: 155.9 | CI51: 167.8 | CJ51: 167.5 | CK51: 173.5 | CL51: 161.1 | CM51: 170.1 | CN51: 159.4 | CO51: 163.2 | CP51: 165.2 | CQ51: 168.2 | CR51: 163.8 | CS51: 174.01538 | CT51: 180.35 | CU51: 164.3 | CV51: 169.15 | CW51: 164.56667 | CX51: 170.8 | CY51: 0.0094562648 | CZ51: =VLOOKUP(BR51,'OIL PRICE'!$A$1:$B$27,2,0) -> 109.51
A52: Rural+Urban | B52: 2014 | C52: May | D52: 121.1 | E52: 121.6 | F52: 115.9 | G52: 118.4 | H52: 107.7 | I52: 127.7 | J52: 125 | K52: 111.9 | L52: 102.8 | M52: 113.4 | N52: 113.7 | O52: 120.4 | P52: 118.9 | Q52: 116.8 | R52: 118 | S52: 115.2 | T52: 117.6 | U52: 114.3 | V52: 112.5 | W52: 114.1 | X52: 111.8 | Y52: 111.3 | Z52: 111.2 | AA52: 113 | AB52: 109.1 | AC52: 111.8 | AD52: =AVERAGE(All_India_Index_Upto_April23_CPI_data[[#This Row],[Cereals and products]:[Food and beverages]]) -> 116.80769 | AE52: =AVERAGE(All_India_Index_Upto_April23_CPI_data[[#This Row],[Recreation and amusement]],All_India_Index_Upto_April23_CPI_data[[#This Row],[Pan, tobacco and intoxicants]]) -> 114 | AF52: =AVERAGE(All_India_Index_Upto_April23_CPI_data[[#This Row],[Household goods and services]],All_India_Index_Upto_April23_CPI_data[[#This Row],[Housing]]) -> 114.2 | AG52: =AVERAGE(All_India_Index_Upto_April23_CPI_data[[#This Row],[Personal care and effects]],All_India_Index_Upto_April23_CPI_data[[#This Row],[Health]]) -> 110.45 | AH52: =AVERAGE(All_India_Index_Upto_April23_CPI_data[[#This Row],[Clothing]:[Clothing and footwear]]) -> 116.93333 | AI52: 115.8 | AJ52: =(All_India_Index_Upto_April23_CPI_data[[#This Row],[General index]]-AI49)/AI49 -> 0.0060816681 | BO52: Rural+Urban | BP52: 2022 | BQ52: May | BR52: =DATE(BP52,MONTH(DATEVALUE("1 "&BQ52)),1) -> 44682 | BS52: 154.1 | BT52: 217 | BU52: 162.4 | BV52: 164.9 | BW52: 202.4 | BX52: 171 | BY52: 174.9 | BZ52: 164.7 | CA52: 119.7 | CB52: 184.9 | CC52: 167.1 | CD52: 182.5 | CE52: 173.3 | CF52: 194.1 | CG52: 175.6 | CH52: 168.4 | CI52: 174.6 | CJ52: 167.5 | CK52: 174.6 | CL52: 165.2 | CM52: 174.8 | CN52: 163 | CO52: 165.1 | CP52: 167.9 | CQ52: 168.4 | CR52: 167.5 | CS52: 172.22308 | CT52: 179.6 | CU52: 166.35 | CV52: 171.6 | CW52: 172.86667 | CX52: 171.7 | CY52: 0.0094062316 | CZ52: =VLOOKUP(BR52,'OIL PRICE'!$A$1:$B$27,2,0) -> 109.51
... A79: Rural+Urban | B79: 2015 | C79: February | D79: 123.7 | E79: 125.1 | F79: 121.1 | G79: 125.7 | H79: 109.1 | I79: 125.8 | J79: 129.4 | K79: 120.9 | L79: 98.3 | M79: 121.6 | N79: 118 | O79: 127.6 | P79: 123.1 | Q79: 125.2 | R79: 123.8 | S79: 120.1 | T79: 123.3 | U79: 118.1 | V79: 117.7 | W79: 118.7 | X79: 116.3 | Y79: 108.7 | Z79: 114.9 | AA79: 119.7 | AB79: 111.2 | AC79: 114.1 | AD79: =AVERAGE(All_India_Index_Upto_April23_CPI_data[[#This Row],[Cereals and products]:[Food and beverages]]) -> 120.72308 | AE79: =AVERAGE(All_India_Index_Upto_April23_CPI_data[[#This Row],[Recreation and amusement]],All_India_Index_Upto_April23_CPI_data[[#This Row],[Pan, tobacco and intoxicants]]) -> 120.05 | AF79: =AVERAGE(All_India_Index_Upto_April23_CPI_data[[#This Row],[Household goods and services]],All_India_Index_Upto_April23_CPI_data[[#This Row],[Housing]]) -> 118.4 | AG79: =AVERAGE(All_India_Index_Upto_April23_CPI_data[[#This Row],[Personal care and effects]],All_India_Index_Upto_April23_CPI_data[[#This Row],[Health]]) -> 113.75 | AH79: =AVERAGE(All_India_Index_Upto_April23_CPI_data[[#This Row],[Clothing]:[Clothing and footwear]]) -> 122.4 | AI79: 119.7 | AJ79: =(All_India_Index_Upto_April23_CPI_data[[#This Row],[General index]]-AI76)/AI76 -> 0.0016736402 | BO79: Rural+Urban | BP79: 2023 | BQ79: February | BR79: =DATE(BP79,MONTH(DATEVALUE("1 "&BQ79)),1) -> 44958 | BS79: 174.4 | BT79: 207.7 | BU79: 175.2 | BV79: 177.3 | BW79: 179.3 | BX79: 169.5 | BY79: 152.7 | BZ79: 171 | CA79: 120 | CB79: 209.7 | CC79: 172.3 | CD79: 193 | CE79: 177 | CF79: 199.5 | CG79: 186.2 | CH79: 178.7 | CI79: 185.1 | CJ79: 173.5 | CK79: 182.1 | CL79: 174.2 | CM79: 184.4 | CN79: 164.2 | CO79: 170.3 | CP79: 175 | CQ79: 181 | CR79: 174.1 | CS79: 175.31538 | CT79: 184.9 | CU79: 173.85 | CV79: 182.7 | CW79: 183.33333 | CX79: 177.2 | CY79: 0.0039660057 | CZ79: =VLOOKUP(BR79,'OIL PRICE'!$A$1:$B$27,2,0) -> 82.28
A80: Rural | B80: 2015 | C80: March | D80: 123.3 | E80: 124.7 | F80: 118.9 | G80: 126 | H80: 111.8 | I80: 130.9 | J80: 128 | K80: 119.9 | L80: 98.9 | M80: 119.4 | N80: 118.9 | O80: 127.7 | P80: 123.1 | Q80: 124.7 | R80: 126 | S80: 122.9 | T80: 125.5 | U80: 0 | V80: 120.6 | W80: 120.2 | X80: 118.2 | Y80: 111.6 | Z80: 115.5 | AA80: 119.4 | AB80: 110.8 | AC80: 115.5 | AD80: =AVERAGE(All_India_Index_Upto_April23_CPI_data[[#This Row],[Cereals and products]:[Food and beverages]]) -> 120.88462 | AE80: =AVERAGE(All_India_Index_Upto_April23_CPI_data[[#This Row],[Recreation and amusement]],All_India_Index_Upto_April23_CPI_data[[#This Row],[Pan, tobacco and intoxicants]]) -> 120.1 | AF80: =AVERAGE(All_India_Index_Upto_April23_CPI_data[[#This Row],[Household goods and services]],All_India_Index_Upto_April23_CPI_data[[#This Row],[Housing]]) -> 60.1 | AG80: =AVERAGE(All_India_Index_Upto_April23_CPI_data[[#This Row],[Personal care and effects]],All_India_Index_Upto_April23_CPI_data[[#This Row],[Health]]) -> 114.5 | AH80: =AVERAGE(All_India_Index_Upto_April23_CPI_data[[#This Row],[Clothing]:[Clothing and footwear]]) -> 124.8 | AI80: 121.1 | AJ80: =(All_India_Index_Upto_April23_CPI_data[[#This Row],[General index]]-AI77)/AI77 -> 0.004145937
A81: Urban | B81: 2015 | C81: March | D81: 124 | E81: 126.7 | F81: 113.5 | G81: 125.9 | H81: 104.8 | I81: 123.8 | J81: 131.4 | K81: 127.2 | L81: 93.2 | M81: 127.4 | N81: 117 | O81: 129.2 | P81: 123.9 | Q81: 128.8 | R81: 121.7 | S81: 116.9 | T81: 120.9 | U81: 118.6 | V81: 114.4 | W81: 118 | X81: 114.3 | Y81: 108.4 | Z81: 115.4 | AA81: 120.6 | AB81: 111.3 | AC81: 113.8 | AD81: =AVERAGE(All_India_Index_Upto_April23_CPI_data[[#This Row],[Cereals and products]:[Food and beverages]]) -> 120.61538 | AE81: =AVERAGE(All_India_Index_Upto_April23_CPI_data[[#This Row],[Recreation and amusement]],All_India_Index_Upto_April23_CPI_data[[#This Row],[Pan, tobacco and intoxicants]]) -> 122.1 | AF81: =AVERAGE(All_India_Index_Upto_April23_CPI_data[[#This Row],[Household goods and services]],All_India_Index_Upto_April23_CPI_data[[#This Row],[Housing]]) -> 118.3 | AG81: =AVERAGE(All_India_Index_Upto_April23_CPI_data[[#This Row],[Personal care and effects]],All_India_Index_Upto_April23_CPI_data[[#This Row],[Health]]) -> 112.8 | AH81: =AVERAGE(All_India_Index_Upto_April23_CPI_data[[#This Row],[Clothing]:[Clothing and footwear]]) -> 119.83333 | AI81: 119.1 | AJ81: =(All_India_Index_Upto_April23_CPI_data[[#This Row],[General index]]-AI78)/AI78 -> 0.0033698399
A82: Rural+Urban | B82: 2015 | C82: March | D82: 123.5 | E82: 125.4 | F82: 116.8 | G82: 126 | H82: 109.2 | I82: 127.6 | J82: 129.2 | K82: 122.4 | L82: 97 | M82: 122.1 | N82: 118.1 | O82: 128.4 | P82: 123.4 | Q82: 125.8 | R82: 124.3 | S82: 120.4 | T82: 123.7 | U82: 118.6 | V82: 118.3 | W82: 119.2 | X82: 116.7 | Y82: 109.9 | Z82: 115.4 | AA82: 120.1 | AB82: 111 | AC82: 114.7 | AD82: =AVERAGE(All_India_Index_Upto_April23_CPI_data[[#This Row],[Cereals and products]:[Food and beverages]]) -> 120.7 | AE82: =AVERAGE(All_India_Index_Upto_April23_CPI_data[[#This Row],[Recreation and amusement]],All_India_Index_Upto_April23_CPI_data[[#This Row],[Pan, tobacco and intoxicants]]) -> 120.6 | AF82: =AVERAGE(All_India_Index_Upto_April23_CPI_data[[#This Row],[Household goods and services]],All_India_Index_Upto_April23_CPI_data[[#This Row],[Housing]]) -> 118.9 | AG82: =AVERAGE(All_India_Index_Upto_April23_CPI_data[[#This Row],[Personal care and effects]],All_India_Index_Upto_April23_CPI_data[[#This Row],[Health]]) -> 113.85 | AH82: =AVERAGE(All_India_Index_Upto_April23_CPI_data[[#This Row],[Clothing]:[Clothing and footwear]]) -> 122.8 | AI82: 120.2 | AJ82: =(All_India_Index_Upto_April23_CPI_data[[#This Row],[General index]]-AI79)/AI79 -> 0.0041771094
A83: Rural | B83: 2015 | C83: April | D83: 123.3 | E83: 125.5 | F83: 117.2 | G83: 126.8 | H83: 111.9 | I83: 134.2 | J83: 127.5 | K83: 121.5 | L83: 97.8 | M83: 119.8 | N83: 119.4 | O83: 128.7 | P83: 123.6 | Q83: 125.7 | R83: 126.4 | S83: 123.3 | T83: 126 | U83: 0 | V83: 121.2 | W83: 120.9 | X83: 118.6 | Y83: 111.9 | Z83: 116.2 | AA83: 119.9 | AB83: 111.6 | AC83: 116 | AD83: =AVERAGE(All_India_Index_Upto_April23_CPI_data[[#This Row],[Cereals and products]:[Food and beverages]]) -> 121.32308 | AE83: =AVERAGE(All_India_Index_Upto_April23_CPI_data[[#This Row],[Recreation and amusement]],All_India_Index_Upto_April23_CPI_data[[#This Row],[Pan, tobacco and intoxicants]]) -> 120.95 | AF83: =AVERAGE(All_India_Index_Upto_April23_CPI_data[[#This Row],[Household goods and services]],All_India_Index_Upto_April23_CPI_data[[#This Row],[Housing]]) -> 60.45 | AG83: =AVERAGE(All_India_Index_Upto_April23_CPI_data[[#This Row],[Personal care and effects]],All_India_Index_Upto_April23_CPI_data[[#This Row],[Health]]) -> 115.1 | AH83: =AVERAGE(All_India_Index_Upto_April23_CPI_data[[#This Row],[Clothing]:[Clothing and footwear]]) -> 125.23333 | AI83: 121.5 | AJ83: =(All_India_Index_Upto_April23_CPI_data[[#This Row],[General index]]-AI80)/AI80 -> 0.0033030553
A84: Urban | B84: 2015 | C84: April | D84: 123.8 | E84: 128.2 | F84: 110 | G84: 126.3 | H84: 104.5 | I84: 130.6 | J84: 130.8 | K84: 131.3 | L84: 91.6 | M84: 127.7 | N84: 117.2 | O84: 129.5 | P84: 124.6 | Q84: 130.1 | R84: 122.1 | S84: 117.2 | T84: 121.3 | U84: 119.2 | V84: 114.7 | W84: 118.4 | X84: 114.6 | Y84: 108.4 | Z84: 115.6 | AA84: 121.7 | AB84: 111.8 | AC84: 114.2 | AD84: =AVERAGE(All_India_Index_Upto_April23_CPI_data[[#This Row],[Cereals and products]:[Food and beverages]]) -> 121.23846 | AE84: =AVERAGE(All_India_Index_Upto_April23_CPI_data[[#This Row],[Recreation and amusement]],All_India_Index_Upto_April23_CPI_data[[#This Row],[Pan, tobacco and intoxicants]]) -> 122.85 | AF84: =AVERAGE(All_India_Index_Upto_April23_CPI_data[[#This Row],[Household goods and services]],All_India_Index_Upto_April23_CPI_data[[#This Row],[Housing]]) -> 118.8 | AG84: =AVERAGE(All_India_Index_Upto_April23_CPI_data[[#This Row],[Personal care and effects]],All_India_Index_Upto_April23_CPI_data[[#This Row],[Health]]) -> 113.2 | AH84: =AVERAGE(All_India_Index_Upto_April23_CPI_data[[#This Row],[Clothing]:[Clothing and footwear]]) -> 120.2 | AI84: 119.7 | AJ84: =(All_India_Index_Upto_April23_CPI_data[[#This Row],[General index]]-AI81)/AI81 -> 0.0050377834
A85: Rural+Urban | B85: 2015 | C85: April | D85: 123.5 | E85: 126.4 | F85: 114.4 | G85: 126.6 | H85: 109.2 | I85: 132.5 | J85: 128.6 | K85: 124.8 | L85: 95.7 | M85: 122.4 | N85: 118.5 | O85: 129.1 | P85: 124 | Q85: 126.9 | R85: 124.7 | S85: 120.8 | T85: 124.1 | U85: 119.2 | V85: 118.7 | W85: 119.7 | X85: 117.1 | Y85: 110.1 | Z85: 115.9 | AA85: 121 | AB85: 111.7 | AC85: 115.1 | AD85: =AVERAGE(All_India_Index_Upto_April23_CPI_data[[#This Row],[Cereals and products]:[Food and beverages]]) -> 121.20769 | AE85: =AVERAGE(All_India_Index_Upto_April23_CPI_data[[#This Row],[Recreation and amusement]],All_India_Index_Upto_April23_CPI_data[[#This Row],[Pan, tobacco and intoxicants]]) -> 121.4 | AF85: =AVERAGE(All_India_Index_Upto_April23_CPI_data[[#This Row],[Household goods and services]],All_India_Index_Upto_April23_CPI_data[[#This Row],[Housing]]) -> 119.45 | AG85: =AVERAGE(All_India_Index_Upto_April23_CPI_data[[#This Row],[Personal care and effects]],All_India_Index_Upto_April23_CPI_data[[#This Row],[Health]]) -> 114.4 | AH85: =AVERAGE(All_India_Index_Upto_April23_CPI_data[[#This Row],[Clothing]:[Clothing and footwear]]) -> 123.2 | AI85: 120.7 | AJ85: =(All_India_Index_Upto_April23_CPI_data[[#This Row],[General index]]-AI82)/AI82 -> 0.0041597338
A86: Rural | B86: 2015 | C86: May | D86: 123.5 | E86: 127.1 | F86: 117.3 | G86: 127.7 | H86: 112.5 | I86: 134.1 | J86: 128.5 | K86: 124.3 | L86: 97.6 | M86: 120.7 | N86: 120.2 | O86: 129.8 | P86: 124.4 | Q86: 126.7 | R86: 127.3 | S86: 124.1 | T86: 126.8 | U86: 0 | V86: 121.9 | W86: 121.5 | X86: 119.4 | Y86: 113.3 | Z86: 116.7 | AA86: 120.5 | AB86: 112.3 | AC86: 116.9 | AD86: =AVERAGE(All_India_Index_Upto_April23_CPI_data[[#This Row],[Cereals and products]:[Food and beverages]]) -> 122.13077 | AE86: =AVERAGE(All_India_Index_Upto_April23_CPI_data[[#This Row],[Recreation and amusement]],All_India_Index_Upto_April23_CPI_data[[#This Row],[Pan, tobacco and intoxicants]]) -> 121.7 | AF86: =AVERAGE(All_India_Index_Upto_April23_CPI_data[[#This Row],[Household goods and services]],All_India_Index_Upto_April23_CPI_data[[#This Row],[Housing]]) -> 60.75 | AG86: =AVERAGE(All_India_Index_Upto_April23_CPI_data[[#This Row],[Personal care and effects]],All_India_Index_Upto_April23_CPI_data[[#This Row],[Health]]) -> 115.85 | AH86: =AVERAGE(All_India_Index_Upto_April23_CPI_data[[#This Row],[Clothing]:[Clothing and footwear]]) -> 126.06667 | AI86: 122.4 | AJ86: =(All_India_Index_Upto_April23_CPI_data[[#This Row],[General index]]-AI83)/AI83 -> 0.0074074074
A87: Urban | B87: 2015 | C87: May | D87: 123.8 | E87: 129.7 | F87: 111.3 | G87: 126.6 | H87: 105.2 | I87: 130.8 | J87: 135.6 | K87: 142.6 | L87: 90.8 | M87: 128.8 | N87: 117.7 | O87: 129.9 | P87: 126.1 | Q87: 131.3 | R87: 122.4 | S87: 117.4 | T87: 121.6 | U87: 119.6 | V87: 114.9 | W87: 118.7 | X87: 114.9 | Y87: 110.8 | Z87: 116 | AA87: 122 | AB87: 112.4 | AC87: 115.2 | AD87: =AVERAGE(All_India_Index_Upto_April23_CPI_data[[#This Row],[Cereals and products]:[Food and beverages]]) -> 122.99231 | AE87: =AVERAGE(All_India_Index_Upto_April23_CPI_data[[#This Row],[Recreation and amusement]],All_India_Index_Upto_April23_CPI_data[[#This Row],[Pan, tobacco and intoxicants]]) -> 123.65 | AF87: =AVERAGE(All_India_Index_Upto_April23_CPI_data[[#This Row],[Household goods and services]],All_India_Index_Upto_April23_CPI_data[[#This Row],[Housing]]) -> 119.15 | AG87: =AVERAGE(All_India_Index_Upto_April23_CPI_data[[#This Row],[Personal care and effects]],All_India_Index_Upto_April23_CPI_data[[#This Row],[Health]]) -> 113.65 | AH87: =AVERAGE(All_India_Index_Upto_April23_CPI_data[[#This Row],[Clothing]:[Clothing and footwear]]) -> 120.46667 | AI87: 120.7 | AJ87: =(All_India_Index_Upto_April23_CPI_data[[#This Row],[General index]]-AI84)/AI84 -> 0.0083542189
A88: Rural+Urban | B88: 2015 | C88: May | D88: 123.6 | E88: 128 | F88: 115 | G88: 127.3 | H88: 109.8 | I88: 132.6 | J88: 130.9 | K88: 130.5 | L88: 95.3 | M88: 123.4 | N88: 119.2 | O88: 129.8 | P88: 125 | Q88: 127.9 | R88: 125.4 | S88: 121.3 | T88: 124.7 | U88: 119.6 | V88: 119.2 | W88: 120.2 | X88: 117.7 | Y88: 112 | Z88: 116.3 | AA88: 121.4 | AB88: 112.3 | AC88: 116.1 | AD88: =AVERAGE(All_India_Index_Upto_April23_CPI_data[[#This Row],[Cereals and products]:[Food and beverages]]) -> 122.33846 | AE88: =AVERAGE(All_India_Index_Upto_April23_CPI_data[[#This Row],[Recreation and amusement]],All_India_Index_Upto_April23_CPI_data[[#This Row],[Pan, tobacco and intoxicants]]) -> 122.1 | AF88: =AVERAGE(All_India_Index_Upto_April23_CPI_data[[#This Row],[Household goods and services]],All_India_Index_Upto_April23_CPI_data[[#This Row],[Housing]]) -> 119.9 | AG88: =AVERAGE(All_India_Index_Upto_April23_CPI_data[[#This Row],[Personal care and effects]],All_India_Index_Upto_April23_CPI_data[[#This Row],[Health]]) -> 115 | AH88: =AVERAGE(All_India_Index_Upto_April23_CPI_data[[#This Row],[Clothing]:[Clothing and footwear]]) -> 123.8 | AI88: 121.6 | AJ88: =(All_India_Index_Upto_April23_CPI_data[[#This Row],[General index]]-AI85)/AI85 -> 0.0074565037
A89: Rural | B89: 2015 | C89: June | D89: 124.1 | E89: 130.4 | F89: 122.1 | G89: 128.7 | H89: 114.1 | I89: 133.2 | J89: 135.2 | K89: 131.9 | L89: 96.3 | M89: 123 | N89: 121.1 | O89: 131.2 | P89: 126.6 | Q89: 128.2 | R89: 128.4 | S89: 125.1 | T89: 128 | U89: 0 | V89: 122.6 | W89: 122.8 | X89: 120.4 | Y89: 114.2 | Z89: 117.9 | AA89: 122 | AB89: 113 | AC89: 117.9 | AD89: =AVERAGE(All_India_Index_Upto_April23_CPI_data[[#This Row],[Cereals and products]:[Food and beverages]]) -> 124.45385 | AE89: =AVERAGE(All_India_Index_Upto_April23_CPI_data[[#This Row],[Recreation and amusement]],All_India_Index_Upto_April23_CPI_data[[#This Row],[Pan, tobacco and intoxicants]]) -> 123.05 | AF89: =AVERAGE(All_India_Index_Upto_April23_CPI_data[[#This Row],[Household goods and services]],All_India_Index_Upto_April23_CPI_data[[#This Row],[Housing]]) -> 61.4 | AG89: =AVERAGE(All_India_Index_Upto_April23_CPI_data[[#This Row],[Personal care and effects]],All_India_Index_Upto_April23_CPI_data[[#This Row],[Health]]) -> 116.7 | AH89: =AVERAGE(All_India_Index_Upto_April23_CPI_data[[#This Row],[Clothing]:[Clothing and footwear]]) -> 127.16667 | AI89: 124.1 | AJ89: =(All_India_Index_Upto_April23_CPI_data[[#This Row],[General index]]-AI86)/AI86 -> 0.013888889
A90: Urban | B90: 2015 | C90: June | D90: 123.6 | E90: 134.4 | F90: 120.9 | G90: 127.3 | H90: 106 | I90: 132.3 | J90: 146.7 | K90: 148.1 | L90: 89.8 | M90: 130.5 | N90: 118 | O90: 130.5 | P90: 128.5 | Q90: 132.1 | R90: 123.2 | S90: 117.6 | T90: 122.3 | U90: 119 | V90: 115.1 | W90: 119.2 | X90: 115.4 | Y90: 111.7 | Z90: 116.2 | AA90: 123.8 | AB90: 112.5 | AC90: 116 | AD90: =AVERAGE(All_India_Index_Upto_April23_CPI_data[[#This Row],[Cereals and products]:[Food and beverages]]) -> 125.89231 | AE90: =AVERAGE(All_India_Index_Upto_April23_CPI_data[[#This Row],[Recreation and amusement]],All_India_Index_Upto_April23_CPI_data[[#This Row],[Pan, tobacco and intoxicants]]) -> 124.15 | AF90: =AVERAGE(All_India_Index_Upto_April23_CPI_data[[#This Row],[Household goods and services]],All_India_Index_Upto_April23_CPI_data[[#This Row],[Housing]]) -> 119.1 | AG90: =AVERAGE(All_India_Index_Upto_April23_CPI_data[[#This Row],[Personal care and effects]],All_India_Index_Upto_April23_CPI_data[[#This Row],[Health]]) -> 113.95 | AH90: =AVERAGE(All_India_Index_Upto_April23_CPI_data[[#This Row],[Clothing]:[Clothing and footwear]]) -> 121.03333 | AI90: 121.7 | AJ90: =(All_India_Index_Upto_April23_CPI_data[[#This Row],[General index]]-AI87)/AI87 -> 0.0082850041
A91: Rural+Urban | B91: 2015 | C91: June | D91: 123.9 | E91: 131.8 | F91: 121.6 | G91: 128.2 | H91: 111.1 | I91: 132.8 | J91: 139.1 | K91: 137.4 | L91: 94.1 | M91: 125.5 | N91: 119.8 | O91: 130.9 | P91: 127.3 | Q91: 129.2 | R91: 126.4 | S91: 122 | T91: 125.7 | U91: 119 | V91: 119.8 | W91: 121.1 | X91: 118.5 | Y91: 112.9 | Z91: 116.9 | AA91: 123.1 | AB91: 112.8 | AC91: 117 | AD91: =AVERAGE(All_India_Index_Upto_April23_CPI_data[[#This Row],[Cereals and products]:[Food and beverages]]) -> 124.88462 | AE91: =AVERAGE(All_India_Index_Upto_April23_CPI_data[[#This Row],[Recreation and amusement]],All_India_Index_Upto_April23_CPI_data[[#This Row],[Pan, tobacco and intoxicants]]) -> 123.05 | AF91: =AVERAGE(All_India_Index_Upto_April23_CPI_data[[#This Row],[Household goods and services]],All_India_Index_Upto_April23_CPI_data[[#This Row],[Housing]]) -> 120.05 | AG91: =AVERAGE(All_India_Index_Upto_April23_CPI_data[[#This Row],[Personal care and effects]],All_India_Index_Upto_April23_CPI_data[[#This Row],[Health]]) -> 115.65 | AH91: =AVERAGE(All_India_Index_Upto_April23_CPI_data[[#This Row],[Clothing]:[Clothing and footwear]]) -> 124.7 | AI91: 123 | AJ91: =(All_India_Index_Upto_April23_CPI_data[[#This Row],[General index]]-AI88)/AI88 -> 0.011513158
... A322: Rural+Urban | B322: 2021 | C322: December | D322: 148.7 | E322: 198.8 | F322: 177.9 | G322: 159.9 | H322: 187.6 | I322: 154.9 | J322: 188.3 | K322: 164.4 | L322: 121 | M322: 170.5 | N322: 164.2 | O322: 176.5 | P322: 168.2 | Q322: 192.4 | R322: 168.5 | S322: 158.7 | T322: 167 | U322: 163.4 | V322: 164.1 | W322: 160.2 | X322: 170.6 | Y322: 155.7 | Z322: 160.6 | AA322: 164.4 | AB322: 162.6 | AC322: 162 | AD322: =AVERAGE(All_India_Index_Upto_April23_CPI_data[[#This Row],[Cereals and products]:[Food and beverages]]) -> 167.76154 | AE322: =AVERAGE(All_India_Index_Upto_April23_CPI_data[[#This Row],[Recreation and amusement]],All_India_Index_Upto_April23_CPI_data[[#This Row],[Pan, tobacco and intoxicants]]) -> 176.5 | AF322: =AVERAGE(All_India_Index_Upto_April23_CPI_data[[#This Row],[Household goods and services]],All_India_Index_Upto_April23_CPI_data[[#This Row],[Housing]]) -> 161.8 | AG322: =AVERAGE(All_India_Index_Upto_April23_CPI_data[[#This Row],[Personal care and effects]],All_India_Index_Upto_April23_CPI_data[[#This Row],[Health]]) -> 166.6 | AH322: =AVERAGE(All_India_Index_Upto_April23_CPI_data[[#This Row],[Clothing]:[Clothing and footwear]]) -> 164.73333 | AI322: 166.2 | AJ322: =(All_India_Index_Upto_April23_CPI_data[[#This Row],[General index]]-AI319)/AI319 -> -0.0029994001
A323: Rural | B323: 2022 | C323: January | D323: 148.3 | E323: 196.9 | F323: 178 | G323: 160.5 | H323: 192.6 | I323: 151.2 | J323: 159.2 | K323: 164 | L323: 119.3 | M323: 173.3 | N323: 169.8 | O323: 175.8 | P323: 164.1 | Q323: 190.7 | R323: 173.2 | S323: 169.3 | T323: 172.7 | U323: 0 | V323: 165.8 | W323: 164.9 | X323: 174.7 | Y323: 160.8 | Z323: 164.9 | AA323: 169.9 | AB323: 163.2 | AC323: 166.6 | AD323: =AVERAGE(All_India_Index_Upto_April23_CPI_data[[#This Row],[Cereals and products]:[Food and beverages]]) -> 165.61538 | AE323: =AVERAGE(All_India_Index_Upto_April23_CPI_data[[#This Row],[Recreation and amusement]],All_India_Index_Upto_April23_CPI_data[[#This Row],[Pan, tobacco and intoxicants]]) -> 177.8 | AF323: =AVERAGE(All_India_Index_Upto_April23_CPI_data[[#This Row],[Household goods and services]],All_India_Index_Upto_April23_CPI_data[[#This Row],[Housing]]) -> 82.45 | AG323: =AVERAGE(All_India_Index_Upto_April23_CPI_data[[#This Row],[Personal care and effects]],All_India_Index_Upto_April23_CPI_data[[#This Row],[Health]]) -> 168.95 | AH323: =AVERAGE(All_India_Index_Upto_April23_CPI_data[[#This Row],[Clothing]:[Clothing and footwear]]) -> 171.73333 | AI323: 166.4 | AJ323: =(All_India_Index_Upto_April23_CPI_data[[#This Row],[General index]]-AI320)/AI320 -> -0.0035928144 | AN323: 2022
A324: Urban | B324: 2022 | C324: January | D324: 152.2 | E324: 202.1 | F324: 180.1 | G324: 160.4 | H324: 171 | I324: 156.5 | J324: 203.6 | K324: 163.8 | L324: 121.3 | M324: 169.8 | N324: 156.6 | O324: 179 | P324: 170.3 | Q324: 196.4 | R324: 164.7 | S324: 148.5 | T324: 162.2 | U324: 164.5 | V324: 161.6 | W324: 156.8 | X324: 166.1 | Y324: 152.7 | Z324: 158.4 | AA324: 161 | AB324: 162.8 | AC324: 158.6 | AD324: =AVERAGE(All_India_Index_Upto_April23_CPI_data[[#This Row],[Cereals and products]:[Food and beverages]]) -> 168.20769 | AE324: =AVERAGE(All_India_Index_Upto_April23_CPI_data[[#This Row],[Recreation and amusement]],All_India_Index_Upto_April23_CPI_data[[#This Row],[Pan, tobacco and intoxicants]]) -> 177.4 | AF324: =AVERAGE(All_India_Index_Upto_April23_CPI_data[[#This Row],[Household goods and services]],All_India_Index_Upto_April23_CPI_data[[#This Row],[Housing]]) -> 160.65 | AG324: =AVERAGE(All_India_Index_Upto_April23_CPI_data[[#This Row],[Personal care and effects]],All_India_Index_Upto_April23_CPI_data[[#This Row],[Health]]) -> 164.45 | AH324: =AVERAGE(All_India_Index_Upto_April23_CPI_data[[#This Row],[Clothing]:[Clothing and footwear]]) -> 158.46667 | AI324: 165 | AJ324: =(All_India_Index_Upto_April23_CPI_data[[#This Row],[General index]]-AI321)/AI321 -> -0.0012106538 | AN324: 2023
A325: Rural+Urban | B325: 2022 | C325: January | D325: 149.5 | E325: 198.7 | F325: 178.8 | G325: 160.5 | H325: 184.7 | I325: 153.7 | J325: 174.3 | K325: 163.9 | L325: 120 | M325: 172.1 | N325: 164.3 | O325: 177.3 | P325: 166.4 | Q325: 192.2 | R325: 169.9 | S325: 160.7 | T325: 168.5 | U325: 164.5 | V325: 164.2 | W325: 161.1 | X325: 171.4 | Y325: 156.5 | Z325: 161.2 | AA325: 164.7 | AB325: 163 | AC325: 162.7 | AD325: =AVERAGE(All_India_Index_Upto_April23_CPI_data[[#This Row],[Cereals and products]:[Food and beverages]]) -> 166.47692 | AE325: =AVERAGE(All_India_Index_Upto_April23_CPI_data[[#This Row],[Recreation and amusement]],All_India_Index_Upto_April23_CPI_data[[#This Row],[Pan, tobacco and intoxicants]]) -> 176.7 | AF325: =AVERAGE(All_India_Index_Upto_April23_CPI_data[[#This Row],[Household goods and services]],All_India_Index_Upto_April23_CPI_data[[#This Row],[Housing]]) -> 162.8 | AG325: =AVERAGE(All_India_Index_Upto_April23_CPI_data[[#This Row],[Personal care and effects]],All_India_Index_Upto_April23_CPI_data[[#This Row],[Health]]) -> 167.2 | AH325: =AVERAGE(All_India_Index_Upto_April23_CPI_data[[#This Row],[Clothing]:[Clothing and footwear]]) -> 166.36667 | AI325: 165.7 | AJ325: =(All_India_Index_Upto_April23_CPI_data[[#This Row],[General index]]-AI322)/AI322 -> -0.0030084236
A326: Rural | B326: 2022 | C326: February | D326: 148.8 | E326: 198.1 | F326: 175.5 | G326: 160.7 | H326: 192.6 | I326: 151.4 | J326: 155.2 | K326: 163.9 | L326: 118.1 | M326: 175.4 | N326: 170.5 | O326: 176.3 | P326: 163.9 | Q326: 191.5 | R326: 174.1 | S326: 171 | T326: 173.7 | U326: 0 | V326: 167.4 | W326: 165.7 | X326: 175.3 | Y326: 161.2 | Z326: 165.5 | AA326: 170.3 | AB326: 164.5 | AC326: 167.3 | AD326: =AVERAGE(All_India_Index_Upto_April23_CPI_data[[#This Row],[Cereals and products]:[Food and beverages]]) -> 165.41538 | AE326: =AVERAGE(All_India_Index_Upto_April23_CPI_data[[#This Row],[Recreation and amusement]],All_India_Index_Upto_April23_CPI_data[[#This Row],[Pan, tobacco and intoxicants]]) -> 178.5 | AF326: =AVERAGE(All_India_Index_Upto_April23_CPI_data[[#This Row],[Household goods and services]],All_India_Index_Upto_April23_CPI_data[[#This Row],[Housing]]) -> 82.85 | AG326: =AVERAGE(All_India_Index_Upto_April23_CPI_data[[#This Row],[Personal care and effects]],All_India_Index_Upto_April23_CPI_data[[#This Row],[Health]]) -> 169.9 | AH326: =AVERAGE(All_India_Index_Upto_April23_CPI_data[[#This Row],[Clothing]:[Clothing and footwear]]) -> 172.93333 | AI326: 166.7 | AJ326: =(All_India_Index_Upto_April23_CPI_data[[#This Row],[General index]]-AI323)/AI323 -> 0.0018028846
A327: Urban | B327: 2022 | C327: February | D327: 152.5 | E327: 205.2 | F327: 176.4 | G327: 160.6 | H327: 171.5 | I327: 156.4 | J327: 198 | K327: 163.2 | L327: 120.6 | M327: 172.2 | N327: 156.7 | O327: 180 | P327: 170.2 | Q327: 196.5 | R327: 165.7 | S327: 150.4 | T327: 163.4 | U327: 165.5 | V327: 163 | W327: 157.4 | X327: 167.2 | Y327: 153.1 | Z327: 159.5 | AA327: 162 | AB327: 164.2 | AC327: 159.4 | AD327: =AVERAGE(All_India_Index_Upto_April23_CPI_data[[#This Row],[Cereals and products]:[Food and beverages]]) -> 167.96154 | AE327: =AVERAGE(All_India_Index_Upto_April23_CPI_data[[#This Row],[Recreation and amusement]],All_India_Index_Upto_April23_CPI_data[[#This Row],[Pan, tobacco and intoxicants]]) -> 178 | AF327: =AVERAGE(All_India_Index_Upto_April23_CPI_data[[#This Row],[Household goods and services]],All_India_Index_Upto_April23_CPI_data[[#This Row],[Housing]]) -> 161.45 | AG327: =AVERAGE(All_India_Index_Upto_April23_CPI_data[[#This Row],[Personal care and effects]],All_India_Index_Upto_April23_CPI_data[[#This Row],[Health]]) -> 165.7 | AH327: =AVERAGE(All_India_Index_Upto_April23_CPI_data[[#This Row],[Clothing]:[Clothing and footwear]]) -> 159.83333 | AI327: 165.5 | AJ327: =(All_India_Index_Upto_April23_CPI_data[[#This Row],[General index]]-AI324)/AI324 -> 0.003030303
A328: Rural+Urban | B328: 2022 | C328: February | D328: 150 | E328: 200.6 | F328: 175.8 | G328: 160.7 | H328: 184.9 | I328: 153.7 | J328: 169.7 | K328: 163.7 | L328: 118.9 | M328: 174.3 | N328: 164.7 | O328: 178 | P328: 166.2 | Q328: 192.8 | R328: 170.8 | S328: 162.4 | T328: 169.6 | U328: 165.5 | V328: 165.7 | W328: 161.8 | X328: 172.2 | Y328: 156.9 | Z328: 162.1 | AA328: 165.4 | AB328: 164.4 | AC328: 163.5 | AD328: =AVERAGE(All_India_Index_Upto_April23_CPI_data[[#This Row],[Cereals and products]:[Food and beverages]]) -> 166.24615 | AE328: =AVERAGE(All_India_Index_Upto_April23_CPI_data[[#This Row],[Recreation and amusement]],All_India_Index_Upto_April23_CPI_data[[#This Row],[Pan, tobacco and intoxicants]]) -> 177.45 | AF328: =AVERAGE(All_India_Index_Upto_April23_CPI_data[[#This Row],[Household goods and services]],All_India_Index_Upto_April23_CPI_data[[#This Row],[Housing]]) -> 163.65 | AG328: =AVERAGE(All_India_Index_Upto_April23_CPI_data[[#This Row],[Personal care and effects]],All_India_Index_Upto_April23_CPI_data[[#This Row],[Health]]) -> 168.3 | AH328: =AVERAGE(All_India_Index_Upto_April23_CPI_data[[#This Row],[Clothing]:[Clothing and footwear]]) -> 167.6 | AI328: 166.1 | AJ328: =(All_India_Index_Upto_April23_CPI_data[[#This Row],[General index]]-AI325)/AI325 -> 0.0024140012
A329: Rural | B329: 2022 | C329: March | D329: 150.2 | E329: 208 | F329: 167.9 | G329: 162 | H329: 203.1 | I329: 155.9 | J329: 155.8 | K329: 164.2 | L329: 118.1 | M329: 178.7 | N329: 171.2 | O329: 177.4 | P329: 166.6 | Q329: 192.3 | R329: 175.4 | S329: 173.2 | T329: 175.1 | U329: 0 | V329: 168.9 | W329: 166.5 | X329: 176 | Y329: 162 | Z329: 166.6 | AA329: 170.6 | AB329: 167.4 | AC329: 168.3 | AD329: =AVERAGE(All_India_Index_Upto_April23_CPI_data[[#This Row],[Cereals and products]:[Food and beverages]]) -> 167.62308 | AE329: =AVERAGE(All_India_Index_Upto_April23_CPI_data[[#This Row],[Recreation and amusement]],All_India_Index_Upto_April23_CPI_data[[#This Row],[Pan, tobacco and intoxicants]]) -> 179.45 | AF329: =AVERAGE(All_India_Index_Upto_April23_CPI_data[[#This Row],[Household goods and services]],All_India_Index_Upto_April23_CPI_data[[#This Row],[Housing]]) -> 83.25 | AG329: =AVERAGE(All_India_Index_Upto_April23_CPI_data[[#This Row],[Personal care and effects]],All_India_Index_Upto_April23_CPI_data[[#This Row],[Health]]) -> 171.7 | AH329: =AVERAGE(All_India_Index_Upto_April23_CPI_data[[#This Row],[Clothing]:[Clothing and footwear]]) -> 174.56667 | AI329: 168.7 | AJ329: =(All_India_Index_Upto_April23_CPI_data[[#This Row],[General index]]-AI326)/AI326 -> 0.0119976
A330: Urban | B330: 2022 | C330: March | D330: 153.7 | E330: 215.8 | F330: 167.7 | G330: 162.6 | H330: 180 | I330: 159.6 | J330: 188.4 | K330: 163.4 | L330: 120.3 | M330: 174.7 | N330: 157.1 | O330: 181.5 | P330: 171.5 | Q330: 197.5 | R330: 167.1 | S330: 152.6 | T330: 164.9 | U330: 165.3 | V330: 164.5 | W330: 158.6 | X330: 168.2 | Y330: 154.2 | Z330: 160.8 | AA330: 162.7 | AB330: 166.8 | AC330: 160.6 | AD330: =AVERAGE(All_India_Index_Upto_April23_CPI_data[[#This Row],[Cereals and products]:[Food and beverages]]) -> 168.94615 | AE330: =AVERAGE(All_India_Index_Upto_April23_CPI_data[[#This Row],[Recreation and amusement]],All_India_Index_Upto_April23_CPI_data[[#This Row],[Pan, tobacco and intoxicants]]) -> 179.15 | AF330: =AVERAGE(All_India_Index_Upto_April23_CPI_data[[#This Row],[Household goods and services]],All_India_Index_Upto_April23_CPI_data[[#This Row],[Housing]]) -> 161.95 | AG330: =AVERAGE(All_India_Index_Upto_April23_CPI_data[[#This Row],[Personal care and effects]],All_India_Index_Upto_April23_CPI_data[[#This Row],[Health]]) -> 167.5 | AH330: =AVERAGE(All_India_Index_Upto_April23_CPI_data[[#This Row],[Clothing]:[Clothing and footwear]]) -> 161.53333 | AI330: 166.5 | AJ330: =(All_India_Index_Upto_April23_CPI_data[[#This Row],[General index]]-AI327)/AI327 -> 0.0060422961
A331: Rural+Urban | B331: 2022 | C331: March | D331: 151.3 | E331: 210.7 | F331: 167.8 | G331: 162.2 | H331: 194.6 | I331: 157.6 | J331: 166.9 | K331: 163.9 | L331: 118.8 | M331: 177.4 | N331: 165.3 | O331: 179.3 | P331: 168.4 | Q331: 193.7 | R331: 172.1 | S331: 164.6 | T331: 171.1 | U331: 165.3 | V331: 167.2 | W331: 162.8 | X331: 173 | Y331: 157.9 | Z331: 163.3 | AA331: 166 | AB331: 167.2 | AC331: 164.6 | AD331: =AVERAGE(All_India_Index_Upto_April23_CPI_data[[#This Row],[Cereals and products]:[Food and beverages]]) -> 168.01538 | AE331: =AVERAGE(All_India_Index_Upto_April23_CPI_data[[#This Row],[Recreation and amusement]],All_India_Index_Upto_April23_CPI_data[[#This Row],[Pan, tobacco and intoxicants]]) -> 178.5 | AF331: =AVERAGE(All_India_Index_Upto_April23_CPI_data[[#This Row],[Household goods and services]],All_India_Index_Upto_April23_CPI_data[[#This Row],[Housing]]) -> 164.05 | AG331: =AVERAGE(All_India_Index_Upto_April23_CPI_data[[#This Row],[Personal care and effects]],All_India_Index_Upto_April23_CPI_data[[#This Row],[Health]]) -> 170.1 | AH331: =AVERAGE(All_India_Index_Upto_April23_CPI_data[[#This Row],[Clothing]:[Clothing and footwear]]) -> 169.26667 | AI331: 167.7 | AJ331: =(All_India_Index_Upto_April23_CPI_data[[#This Row],[General index]]-AI328)/AI328 -> 0.0096327514
A332: Rural | B332: 2022 | C332: April | D332: 151.8 | E332: 209.7 | F332: 164.5 | G332: 163.8 | H332: 207.4 | I332: 169.7 | J332: 153.6 | K332: 165.1 | L332: 118.2 | M332: 182.9 | N332: 172.4 | O332: 178.9 | P332: 168.6 | Q332: 192.8 | R332: 177.5 | S332: 175.1 | T332: 177.1 | U332: 0 | V332: 173.3 | W332: 167.7 | X332: 177 | Y332: 166.2 | Z332: 167.2 | AA332: 170.9 | AB332: 169 | AC332: 170.2 | AD332: =AVERAGE(All_India_Index_Upto_April23_CPI_data[[#This Row],[Cereals and products]:[Food and beverages]]) -> 169.73846 | AE332: =AVERAGE(All_India_Index_Upto_April23_CPI_data[[#This Row],[Recreation and amusement]],All_India_Index_Upto_April23_CPI_data[[#This Row],[Pan, tobacco and intoxicants]]) -> 180 | AF332: =AVERAGE(All_India_Index_Upto_April23_CPI_data[[#This Row],[Household goods and services]],All_India_Index_Upto_April23_CPI_data[[#This Row],[Housing]]) -> 83.85 | AG332: =AVERAGE(All_India_Index_Upto_April23_CPI_data[[#This Row],[Personal care and effects]],All_India_Index_Upto_April23_CPI_data[[#This Row],[Health]]) -> 173 | AH332: =AVERAGE(All_India_Index_Upto_April23_CPI_data[[#This Row],[Clothing]:[Clothing and footwear]]) -> 176.56667 | AI332: 170.8 | AJ332: =(All_India_Index_Upto_April23_CPI_data[[#This Row],[General index]]-AI329)/AI329 -> 0.012448133
A333: Urban | B333: 2022 | C333: April | D333: 155.4 | E333: 215.8 | F333: 164.6 | G333: 164.2 | H333: 186 | I333: 175.9 | J333: 190.7 | K333: 164 | L333: 120.5 | M333: 178 | N333: 157.5 | O333: 183.3 | P333: 174.5 | Q333: 197.1 | R333: 168.4 | S333: 154.5 | T333: 166.3 | U333: 167 | V333: 170.5 | W333: 159.8 | X333: 169 | Y333: 159.3 | Z333: 162.2 | AA333: 164 | AB333: 168.4 | AC333: 163.1 | AD333: =AVERAGE(All_India_Index_Upto_April23_CPI_data[[#This Row],[Cereals and products]:[Food and beverages]]) -> 171.56923 | AE333: =AVERAGE(All_India_Index_Upto_April23_CPI_data[[#This Row],[Recreation and amusement]],All_India_Index_Upto_April23_CPI_data[[#This Row],[Pan, tobacco and intoxicants]]) -> 179.65 | AF333: =AVERAGE(All_India_Index_Upto_April23_CPI_data[[#This Row],[Household goods and services]],All_India_Index_Upto_April23_CPI_data[[#This Row],[Housing]]) -> 163.4 | AG333: =AVERAGE(All_India_Index_Upto_April23_CPI_data[[#This Row],[Personal care and effects]],All_India_Index_Upto_April23_CPI_data[[#This Row],[Health]]) -> 168.7 | AH333: =AVERAGE(All_India_Index_Upto_April23_CPI_data[[#This Row],[Clothing]:[Clothing and footwear]]) -> 163.06667 | AI333: 169.2 | AJ333: =(All_India_Index_Upto_April23_CPI_data[[#This Row],[General index]]-AI330)/AI330 -> 0.016216216
A334: Rural+Urban | B334: 2022 | C334: April | D334: 152.9 | E334: 211.8 | F334: 164.5 | G334: 163.9 | H334: 199.5 | I334: 172.6 | J334: 166.2 | K334: 164.7 | L334: 119 | M334: 181.3 | N334: 166.2 | O334: 180.9 | P334: 170.8 | Q334: 193.9 | R334: 173.9 | S334: 166.5 | T334: 172.8 | U334: 167 | V334: 172.2 | W334: 164 | X334: 174 | Y334: 162.6 | Z334: 164.4 | AA334: 166.9 | AB334: 168.8 | AC334: 166.8 | AD334: =AVERAGE(All_India_Index_Upto_April23_CPI_data[[#This Row],[Cereals and products]:[Food and beverages]]) -> 170.33077 | AE334: =AVERAGE(All_India_Index_Upto_April23_CPI_data[[#This Row],[Recreation and amusement]],All_India_Index_Upto_April23_CPI_data[[#This Row],[Pan, tobacco and intoxicants]]) -> 179.15 | AF334: =AVERAGE(All_India_Index_Upto_April23_CPI_data[[#This Row],[Household goods and services]],All_India_Index_Upto_April23_CPI_data[[#This Row],[Housing]]) -> 165.5 | AG334: =AVERAGE(All_India_Index_Upto_April23_CPI_data[[#This Row],[Personal care and effects]],All_India_Index_Upto_April23_CPI_data[[#This Row],[Health]]) -> 171.4 | AH334: =AVERAGE(All_India_Index_Upto_April23_CPI_data[[#This Row],[Clothing]:[Clothing and footwear]]) -> 171.06667 | AI334: 170.1 | AJ334: =(All_India_Index_Upto_April23_CPI_data[[#This Row],[General index]]-AI331)/AI331 -> 0.01431127
A335: Rural | B335: 2022 | C335: May | D335: 152.9 | E335: 214.7 | F335: 161.4 | G335: 164.6 | H335: 209.9 | I335: 168 | J335: 160.4 | K335: 165 | L335: 118.9 | M335: 186.6 | N335: 173.2 | O335: 180.4 | P335: 170.8 | Q335: 192.9 | R335: 179.3 | S335: 177.2 | T335: 179 | U335: 0 | V335: 175.3 | W335: 168.9 | X335: 177.7 | Y335: 167.1 | Z335: 167.6 | AA335: 171.8 | AB335: 168.5 | AC335: 170.9 | AD335: =AVERAGE(All_India_Index_Upto_April23_CPI_data[[#This Row],[Cereals and products]:[Food and beverages]]) -> 171.29231 | AE335: =AVERAGE(All_India_Index_Upto_April23_CPI_data[[#This Row],[Recreation and amusement]],All_India_Index_Upto_April23_CPI_data[[#This Row],[Pan, tobacco and intoxicants]]) -> 180.25 | AF335: =AVERAGE(All_India_Index_Upto_April23_CPI_data[[#This Row],[Household goods and services]],All_India_Index_Upto_April23_CPI_data[[#This Row],[Housing]]) -> 84.45 | AG335: =AVERAGE(All_India_Index_Upto_April23_CPI_data[[#This Row],[Personal care and effects]],All_India_Index_Upto_April23_CPI_data[[#This Row],[Health]]) -> 173.1 | AH335: =AVERAGE(All_India_Index_Upto_April23_CPI_data[[#This Row],[Clothing]:[Clothing and footwear]]) -> 178.5 | AI335: 172.5 | AJ335: =(All_India_Index_Upto_April23_CPI_data[[#This Row],[General index]]-AI332)/AI332 -> 0.0099531616
A336: Urban | B336: 2022 | C336: May | D336: 156.7 | E336: 221.2 | F336: 164.1 | G336: 165.4 | H336: 189.5 | I336: 174.5 | J336: 203.2 | K336: 164.1 | L336: 121.2 | M336: 181.4 | N336: 158.5 | O336: 184.9 | P336: 177.5 | Q336: 197.5 | R336: 170 | S336: 155.9 | T336: 167.8 | U336: 167.5 | V336: 173.5 | W336: 161.1 | X336: 170.1 | Y336: 159.4 | Z336: 163.2 | AA336: 165.2 | AB336: 168.2 | AC336: 163.8 | AD336: =AVERAGE(All_India_Index_Upto_April23_CPI_data[[#This Row],[Cereals and products]:[Food and beverages]]) -> 174.01538 | AE336: =AVERAGE(All_India_Index_Upto_April23_CPI_data[[#This Row],[Recreation and amusement]],All_India_Index_Upto_April23_CPI_data[[#This Row],[Pan, tobacco and intoxicants]]) -> 180.35 | AF336: =AVERAGE(All_India_Index_Upto_April23_CPI_data[[#This Row],[Household goods and services]],All_India_Index_Upto_April23_CPI_data[[#This Row],[Housing]]) -> 164.3 | AG336: =AVERAGE(All_India_Index_Upto_April23_CPI_data[[#This Row],[Personal care and effects]],All_India_Index_Upto_April23_CPI_data[[#This Row],[Health]]) -> 169.15 | AH336: =AVERAGE(All_India_Index_Upto_April23_CPI_data[[#This Row],[Clothing]:[Clothing and footwear]]) -> 164.56667 | AI336: 170.8 | AJ336: =(All_India_Index_Upto_April23_CPI_data[[#This Row],[General index]]-AI333)/AI333 -> 0.0094562648
... A373: Rural+Urban | B373: 2023 | C373: May | D373: 173.7 | E373: 214.3 | F373: 173.2 | G373: 179.5 | H373: 170 | I373: 172.2 | J373: 161 | K373: 175.6 | L373: 122.7 | M373: 218 | N373: 173.4 | O373: 194.2 | P373: 179.1 | Q373: 201 | R373: 187.3 | S373: 179.7 | T373: 186.2 | U373: 175.6 | V373: 182.8 | W373: 175.2 | X373: 185.7 | Y373: 164.8 | Z373: 171.2 | AA373: 177.1 | AB373: 185.2 | AC373: 175.7 | AD373: =AVERAGE(All_India_Index_Upto_April23_CPI_data[[#This Row],[Cereals and products]:[Food and beverages]]) -> 177.45385 | AE373: =AVERAGE(All_India_Index_Upto_April23_CPI_data[[#This Row],[Recreation and amusement]],All_India_Index_Upto_April23_CPI_data[[#This Row],[Pan, tobacco and intoxicants]]) -> 186.1 | AF373: =AVERAGE(All_India_Index_Upto_April23_CPI_data[[#This Row],[Household goods and services]],All_India_Index_Upto_April23_CPI_data[[#This Row],[Housing]]) -> 175.4 | AG373: =AVERAGE(All_India_Index_Upto_April23_CPI_data[[#This Row],[Personal care and effects]],All_India_Index_Upto_April23_CPI_data[[#This Row],[Health]]) -> 185.45 | AH373: =AVERAGE(All_India_Index_Upto_April23_CPI_data[[#This Row],[Clothing]:[Clothing and footwear]]) -> 184.4 | AI373: 179.1 | AJ373: =(All_India_Index_Upto_April23_CPI_data[[#This Row],[General index]]-AI370)/AI370 -> 0.0056148231

Sheet Pivot
A2: 1st
A3: Row Labels | B3: Sum of Food Bucket | C3: Sum of Recreation Bucket | D3: Sum of Housing bucket | E3: Sum of Health bucket | F3: Sum of clothing bucket | G3: Sum of Miscellaneous | H3: Sum of Education | I3: Sum of Fuel and light | J3: Sum of Transport and communication
A4: Rural | B4: 176.20769 | C4: 186.85 | D4: 89.9 | E4: 186.35 | F4: 189.96667 | G4: 179.5 | H4: 180.3 | I4: 182.5 | J4: 169.7
A5: 2023 | B5: 176.20769 | C5: 186.85 | D5: 89.9 | E5: 186.35 | F5: 189.96667 | G5: 179.5 | H5: 180.3 | I5: 182.5 | J5: 169.7
A6: May | B6: 176.20769 | C6: 186.85 | D6: 89.9 | E6: 186.35 | F6: 189.96667 | G6: 179.5 | H6: 180.3 | I6: 182.5 | J6: 169.7
A7: Rural+Urban | B7: 177.45385 | C7: 186.1 | D7: 175.4 | E7: 185.45 | F7: 184.4 | G7: 175.7 | H7: 177.1 | I7: 182.8 | J7: 164.8
A8: 2023 | B8: 177.45385 | C8: 186.1 | D8: 175.4 | E8: 185.45 | F8: 184.4 | G8: 175.7 | H8: 177.1 | I8: 182.8 | J8: 164.8
A9: May | B9: 177.45385 | C9: 186.1 | D9: 175.4 | E9: 185.45 | F9: 184.4 | G9: 175.7 | H9: 177.1 | I9: 182.8 | J9: 164.8
A10: Urban | B10: 179.62308 | C10: 186.7 | D10: 172.85 | E10: 183.9 | F10: 176.23333 | G10: 171.6 | H10: 174.8 | I10: 183.4 | J10: 160.4
A11: 2023 | B11: 179.62308 | C11: 186.7 | D11: 172.85 | E11: 183.9 | F11: 176.23333 | G11: 171.6 | H11: 174.8 | I11: 183.4 | J11: 160.4
A12: May | B12: 179.62308 | C12: 186.7 | D12: 172.85 | E12: 183.9 | F12: 176.23333 | G12: 171.6 | H12: 174.8 | I12: 183.4 | J12: 160.4
A13: Grand Total | B13: 533.28462 | C13: 559.65 | D13: 438.15 | E13: 555.7 | F13: 550.6 | G13: 526.8 | H13: 532.2 | I13: 548.7 | J13: 494.9
A15: Buckets | B15: Rural | C15: Urban | D15: Rural +Urban
A16: Food Bucket | B16: 176.20769 | C16: 177.45385 | D16: 179.62308
A17: Recreation Bucket | B17: 186.85 | C17: 186.1 | D17: 186.7
A18: Housing bucket | B18: 89.9 | C18: 175.4 | D18: 172.85
A19: Health bucket | B19: 186.35 | C19: 185.45 | D19: 183.9
A20: clothing bucket | B20: 189.96667 | C20: 184.4 | D20: 176.23333
A21: Miscellaneous | B21: 179.5 | C21: 175.7 | D21: 171.6
A22: Education | B22: 180.3 | C22: 177.1 | D22: 174.8
A23: Fuel and light | B23: 182.5 | C23: 182.8 | D23: 183.4 | H23: SECTOR RURAL +URBAN | I23: CPI 2019
A24: Transport and communication | B24: 169.7 | C24: 164.8 | D24: 160.4 | H24: Sum of Cereals and products | I24: 1537.6
H25: Sum of Meat and fish | I25: 1750.3
A26: 2nd | H26: Sum of Egg | I26: 1553.2
A27: Row Labels | B27: Sum of General index | H27: Sum of Milk and products | I27: 1587.7
A28: Rural+Urban | B28: 1985 | H28: Sum of Oils and fats | I28: 1352.8
A29: 2017 | B29: 267.5 | D29: Year | E29: YoY% | H29: Sum of Fruits | I29: 1590.1
A30: January | B30: 130.3 | D30: 2017 | E30: =(GETPIVOTDATA("General index",$A$27,"Sector","Rural+Urban","Year",2017,"Month","December")-GETPIVOTDATA("General index",$A$27,"Sector","Rural+Urban","Year",2017,"Month","January"))/GETPIVOTDATA("General index",$A$27,"Sector","Rural+Urban","Year",2017,"Month","January") -> 0.05295472 | H30: Sum of Vegetables | I30: 1793
A31: December | B31: 137.2 | D31: 2018 | E31: =(GETPIVOTDATA("General index",$A$27,"Sector","Rural+Urban","Year",2018,"Month","December")-GETPIVOTDATA("General index",$A$27,"Sector","Rural+Urban","Year",2018,"Month","January"))/GETPIVOTDATA("General index",$A$27,"Sector","Rural+Urban","Year",2018,"Month","January") -> 0.023374726 | H31: Sum of Pulses and products | I31: 1415.3
A32: 2018 | B32: 277 | D32: 2019 | E32: =(GETPIVOTDATA("General index",$A$27,"Sector","Rural+Urban","Year",2019,"Month","December")-GETPIVOTDATA("General index",$A$27,"Sector","Rural+Urban","Year",2019,"Month","January"))/GETPIVOTDATA("General index",$A$27,"Sector","Rural+Urban","Year",2019,"Month","January") -> 0.077363897 | H32: Sum of Sugar and Confectionery | I32: 1226.5
A33: January | B33: 136.9 | D33: 2020 | E33: =(GETPIVOTDATA("General index",$A$27,"Sector","Rural+Urban","Year",2020,"Month","December")-GETPIVOTDATA("General index",$A$27,"Sector","Rural+Urban","Year",2020,"Month","January"))/GETPIVOTDATA("General index",$A$27,"Sector","Rural+Urban","Year",2020,"Month","January") -> 0.05792277 | H33: Sum of Spices | I33: 1568.6
A34: December | B34: 140.1 | D34: 2021 | E34: =(GETPIVOTDATA("General index",$A$27,"Sector","Rural+Urban","Year",2021,"Month","December")-GETPIVOTDATA("General index",$A$27,"Sector","Rural+Urban","Year",2021,"Month","January"))/GETPIVOTDATA("General index",$A$27,"Sector","Rural+Urban","Year",2021,"Month","January") -> 0.056579784 | H34: Sum of Non-alcoholic beverages | I34: 1479.6
A35: 2019 | B35: 290 | D35: 2022 | E35: =(GETPIVOTDATA("General index",$A$27,"Sector","Rural+Urban","Year",2022,"Month","December")-GETPIVOTDATA("General index",$A$27,"Sector","Rural+Urban","Year",2022,"Month","January"))/GETPIVOTDATA("General index",$A$27,"Sector","Rural+Urban","Year",2022,"Month","January") -> 0.06035003 | H35: Sum of Prepared meals, snacks, sweets etc. | I35: 1718.3
A36: January | B36: 139.6 | H36: Sum of Food and beverages | I36: 1590.7
A37: December | B37: 150.4 | H37: Sum of Pan, tobacco and intoxicants | I37: 1820.1
A38: 2020 | B38: 309.1 | H38: Sum of Clothing | I38: 1637
A39: January | B39: 150.2 | H39: Sum of Footwear | I39: 1544.2
A40: December | B40: 158.9 | H40: Sum of Clothing and footwear | I40: 1623.5
A41: 2021 | B41: 323.5 | H41: Sum of Housing | I41: 1658.4
A42: January | B42: 157.3 | H42: Sum of Fuel and light | I42: 1542.7
A43: December | B43: 166.2 | H43: Sum of Household goods and services | I43: 1588
A44: 2022 | B44: 341.4 | H44: Sum of Health | I44: 1626.3
A45: January | B45: 165.7 | H45: Sum of Transport and communication | I45: 1381.5
A46: December | B46: 175.7 | H46: Sum of Recreation and amusement | I46: 1539.1
A47: 2023 | B47: 176.5 | H47: Sum of Education | I47: 1685.6
A48: January | B48: 176.5 | H48: Sum of Personal care and effects | I48: 1502.5
A49: Grand Total | B49: 1985 | H49: Sum of Miscellaneous | I49: 1534
A51: 2nd
A52: Row Labels | B52: Sum of Cereals and products | C52: Sum of Meat and fish | D52: Sum of Egg | E52: Sum of Milk and products | F52: Sum of Oils and fats | G52: Sum of Fruits | H52: Sum of Vegetables | I52: Sum of Pulses and products | J52: Sum of Sugar and Confectionery | K52: Sum of Spices | L52: Sum of Non-alcoholic beverages | M52: Sum of Prepared meals, snacks, sweets etc. | N52: Sum of Food and beverages | O52: Sum of Pan, tobacco and intoxicants | P52: Sum of Clothing | Q52: Sum of Footwear | R52: Sum of Clothing and footwear | S52: Sum of Housing | T52: Sum of Fuel and light | U52: Sum of Household goods and services | V52: Sum of Health | W52: Sum of Transport and communication | X52: Sum of Recreation and amusement | Y52: Sum of Education | Z52: Sum of Personal care and effects | AA52: Sum of Miscellaneous
A53: Rural+Urban | B53: 1537.6 | C53: 1750.3 | D53: 1553.2 | E53: 1587.7 | F53: 1352.8 | G53: 1590.1 | H53: 1793 | I53: 1415.3 | J53: 1226.5 | K53: 1568.6 | L53: 1479.6 | M53: 1718.3 | N53: 1590.7 | O53: 1820.1 | P53: 1637 | Q53: 1544.2 | R53: 1623.5 | S53: 1658.4 | T53: 1542.7 | U53: 1588 | V53: 1626.3 | W53: 1381.5 | X53: 1539.1 | Y53: 1685.6 | Z53: 1502.5 | AA53: 1534
A54: 2019 | B54: 1537.6 | C54: 1750.3 | D54: 1553.2 | E54: 1587.7 | F54: 1352.8 | G54: 1590.1 | H54: 1793 | I54: 1415.3 | J54: 1226.5 | K54: 1568.6 | L54: 1479.6 | M54: 1718.3 | N54: 1590.7 | O54: 1820.1 | P54: 1637 | Q54: 1544.2 | R54: 1623.5 | S54: 1658.4 | T54: 1542.7 | U54: 1588 | V54: 1626.3 | W54: 1381.5 | X54: 1539.1 | Y54: 1685.6 | Z54: 1502.5 | AA54: 1534
A55: Grand Total | B55: 1537.6 | C55: 1750.3 | D55: 1553.2 | E55: 1587.7 | F55: 1352.8 | G55: 1590.1 | H55: 1793 | I55: 1415.3 | J55: 1226.5 | K55: 1568.6 | L55: 1479.6 | M55: 1718.3 | N55: 1590.7 | O55: 1820.1 | P55: 1637 | Q55: 1544.2 | R55: 1623.5 | S55: 1658.4 | T55: 1542.7 | U55: 1588 | V55: 1626.3 | W55: 1381.5 | X55: 1539.1 | Y55: 1685.6 | Z55: 1502.5 | AA55: 1534
A63: QUE.4
A64: Sum of MoM % | B64: Column Labels | G64: Sum of MoM % | H64: Column Labels
A65: Row Labels | B65: Rural | C65: Rural+Urban | D65: Urban | E65: Grand Total | G65: Row Labels | H65: Rural | I65: Rural+Urban | J65: Urban | K65: Grand Total
A66: 2019 | B66: 0.071145114 | C66: 0.071276621 | D66: 0.072288184 | E66: 0.21470992 | G66: 2020 | H66: 0.060675759 | I66: 0.060828422 | J66: 0.061090146 | K66: 0.18259433
A67: January | B67: -0.0063424947 | C67: -0.0035688794 | D67: 0 | E67: -0.0099113741 | G67: January | H67: -0.0026263953 | I67: -0.0013297872 | J67: -0.00067430883 | K67: -0.0046304913
A68: February | B68: 0 | C68: 0.0021489971 | D68: 0.0043478261 | E68: 0.0064968232 | G68: February | H68: -0.0098749177 | I68: -0.0073235686 | J68: -0.0033738192 | K68: -0.020572305
A69: March | B69: 0.0014184397 | C69: 0.0035739814 | D69: 0.0064935065 | E69: 0.011485928 | G69: March | H69: -0.0039893617 | I69: -0.0033534541 | J69: -0.0027081923 | K69: -0.010051008
A70: May | B70: 0.0084985836 | C70: 0.011396011 | D70: 0.014336918 | E70: 0.034231513 | G70: April | H70: -0.06835781 | I70: -0.060834455 | J70: -0.052545825 | K70: -0.18173809
A71: June | B71: 0.0084269663 | C71: 0.0063380282 | D71: 0.0042402827 | E71: 0.019005277 | G71: May | H71: 0 | I71: 0 | J71: 0 | K71: 0
A72: July | B72: 0.0090529248 | C72: 0.0090972708 | D72: 0.0084447572 | E72: 0.026594953 | G72: June | H72: 0.094153052 | I72: 0.087704213 | J72: 0.080538836 | K72: 0.2623961
A73: August | B73: 0.005521049 | C73: 0.0055478502 | D73: 0.0062805304 | E73: 0.01734943 | G73: July | H73: 0 | I73: 0 | J73: 0 | K73: 0
A74: September | B74: 0.006863418 | C74: 0.0055172414 | D74: 0.0034674064 | E74: 0.015848066 | G74: August | H74: 0.013097577 | I74: 0.013833992 | J74: 0.013925729 | K74: 0.040857298
A75: October | B75: 0.010906612 | C75: 0.0096021948 | D75: 0.008984105 | E75: 0.029492912 | G75: September | H75: 0.0045248869 | I75: 0.0051981806 | J75: 0.0071942446 | K75: 0.016917312
A76: November | B76: 0.010788941 | C76: 0.0095108696 | D76: 0.0068493151 | E76: 0.027149126 | G76: October | H76: 0.013513514 | I76: 0.010989011 | J76: 0.0077922078 | K76: 0.032294732
A77: December | B77: 0.016010674 | C77: 0.012113055 | D77: 0.0088435374 | E77: 0.036967266 | G77: November | H77: 0.014603175 | I77: 0.012787724 | J77: 0.0096649485 | K77: 0.037055847
A78: 2020 | B78: 0.060675759 | C78: 0.060828422 | D78: 0.061090146 | E78: 0.18259433 | G78: December | H78: 0.0056320401 | I78: 0.0031565657 | J78: 0.0012763242 | K78: 0.01006493
A79: January | B79: -0.0026263953 | C79: -0.0013297872 | D79: -0.00067430883 | E79: -0.0046304913 | G79: 2021 | H79: 0.039055871 | I79: 0.045314632 | J79: 0.051821617 | K79: 0.13619212
A80: February | B80: -0.0098749177 | C80: -0.0073235686 | D80: -0.0033738192 | E80: -0.020572305 | G80: January | H80: -0.013690106 | I80: -0.010069226 | J80: -0.0057361377 | K80: -0.029495469
A81: March | B81: -0.0039893617 | C81: -0.0033534541 | D81: -0.0027081923 | E81: -0.010051008 | G81: February | H81: -0.011356467 | I81: -0.0044500954 | J81: 0.0032051282 | K81: -0.012601434
A82: April | B82: -0.06835781 | C82: -0.060834455 | D82: -0.052545825 | E82: -0.18173809 | G82: March | H82: 0 | I82: 0.0012771392 | J82: 0.0025559105 | K82: 0.0038330498
A83: May | B83: 0 | C83: 0 | D83: 0 | E83: 0 | G83: April | H83: 0.0057434588 | I83: 0.006377551 | J83: 0.0070108349 | K83: 0.019131845
A84: June | B84: 0.094153052 | C84: 0.087704213 | D84: 0.080538836 | E84: 0.2623961 | G84: May | H84: 0.022208122 | I84: 0.016476553 | J84: 0.0094936709 | K84: 0.048178345
A85: July | B85: 0 | C85: 0 | D85: 0 | E85: 0 | G85: June | H85: 0.0062073246 | I85: 0.0056109726 | J85: 0.0056426332 | K85: 0.01746093
A86: August | B86: 0.013097577 | C86: 0.013833992 | D86: 0.013925729 | E86: 0.040857298 | G86: July | H86: 0.0067859346 | I86: 0.0074395536 | J86: 0.0087281796 | K86: 0.022953668
A87: September | B87: 0.0045248869 | C87: 0.0051981806 | D87: 0.0071942446 | E87: 0.016917312 | G87: August | H87: 0.0024509804 | I87: 0.0043076923 | J87: 0.0030902349 | K87: 0.0098489076
A88: October | B88: 0.013513514 | C88: 0.010989011 | D88: 0.0077922078 | E88: 0.032294732 | G88: September | H88: 0.0024449878 | I88: 0 | J88: 0 | K88: 0.0024449878
A89: November | B89: 0.014603175 | C89: 0.012787724 | D89: 0.0096649485 | E89: 0.037055847 | G89: October | H89: 0.01402439 | I89: 0.014093137 | J89: 0.014171288 | K89: 0.042288815
A90: December | B90: 0.0056320401 | C90: 0.0031565657 | D90: 0.0012763242 | E90: 0.01006493 | G90: November | H90: 0.0078171978 | I90: 0.0072507553 | J90: 0.0060753341 | K90: 0.021143287
A91: Grand Total | B91: 0.13182087 | C91: 0.13210504 | D91: 0.13337833 | E91: 0.39730425 | G91: December | H91: -0.0035799523 | I91: -0.0029994001 | J91: -0.0024154589 | K91: -0.0089948113
G92: Grand Total | H92: 0.099731631 | I92: 0.10614305 | J92: 0.11291176 | K92: 0.31878645
A97: QUE.3
A99: Sum of FOOD MOM | B99: Column Labels | G99: Sum of ABSOLUTE CHANGE % | H99: Column Labels | M99: Row Labels | N99: Sum of Cereals and products | O99: Sum of Meat and fish | P99: Sum of Egg | Q99: Sum of Milk and products | R99: Sum of Oils and fats | S99: Sum of Fruits | T99: Sum of Vegetables | U99: Sum of Pulses and products | V99: Sum of Sugar and Confectionery | W99: Sum of Spices | X99: Sum of Non-alcoholic beverages | Y99: Sum of Prepared meals, snacks, sweets etc. | Z99: Sum of Food and beverages
A100: Row Labels | B100: Rural+Urban | C100: Grand Total | G100: Row Labels | H100: Rural+Urban | I100: Grand Total | M100: Rural+Urban | N100: 2161.3 | O100: 2744.1 | P100: 2277.5 | Q100: 2239 | R100: 2434.7 | S100: 2181.8 | T100: 2236.3 | U100: 2202.7 | V100: 1573 | W100: 2619.5 | X100: 2215.2 | Y100: 2458.3 | Z100: 2298.8
A101: 2022 | B101: 3.4230769 | C101: 3.4230769 | G101: 2022 | H101: 0.019792083 | I101: 0.019792083 | M101: Grand Total | N101: 2161.3 | O101: 2744.1 | P101: 2277.5 | Q101: 2239 | R101: 2434.7 | S101: 2181.8 | T101: 2236.3 | U101: 2202.7 | V101: 1573 | W101: 2619.5 | X101: 2215.2 | Y101: 2458.3 | Z101: 2298.8
A102: May | B102: 0 | C102: 0 | G102: May | H102: 0 | I102: 0
A103: June | B103: 1.7692308 | C103: 1.7692308 | G103: June | H103: 0.010272902 | I103: 0.010272902
A104: July | B104: 0.33846154 | C104: 0.33846154 | G104: July | H104: 0.0019452673 | I104: 0.0019452673
A105: August | B105: 0.22307692 | C105: 0.22307692 | G105: August | H105: 0.0012796188 | I105: 0.0012796188
A106: September | B106: 0.9 | C106: 0.9 | G106: September | H106: 0.0051560021 | I106: 0.0051560021
A107: October | B107: 1.2615385 | C107: 1.2615385 | G107: October | H107: 0.0071901442 | I107: 0.0071901442
A108: November | B108: -0.038461538 | C108: -0.038461538 | G108: November | H108: -0.0002176468 | I108: -0.0002176468
A109: December | B109: -1.0307692 | C109: -1.0307692 | G109: December | H109: -0.0058342041 | I109: -0.0058342041
A110: 2023 | B110: 1.8076923 | C110: 1.8076923 | G110: 2023 | H110: 0.01030379 | I110: 0.01030379
A111: January | B111: 0.71538462 | C111: 0.71538462 | G111: January | H111: 0.0040728738 | I111: 0.0040728738
A112: February | B112: -1.0461538 | C112: -1.0461538 | G112: February | H112: -0.0059318707 | I112: -0.0059318707
A113: March | B113: 0.0076923077 | C113: 0.0076923077 | G113: March | H113: 4.3876969e-05 | I113: 4.3876969e-05
A114: April | B114: 0.8 | C114: 0.8 | G114: April | H114: 0.0045630046 | I114: 0.0045630046
A115: May | B115: 1.3307692 | C115: 1.3307692 | G115: May | H115: 0.007555905 | I115: 0.007555905
...

Sheet Dashboard
A1: Latest Month Biggest Contributor | M1: YOY CPI (R+U) % Trend | AC1: Food Bucket inflation | AR1: Covid Impact | BD1: Imported Oil price Fluctuations Impact
BI47: This chart shows that oil prices (light blue line) are highly volatile, peaking around mid-2022 before dropping, while other categories like meat, oils, food, and clothing rise steadily over time. It highlights that fuel and light expenses are most directly impacted by oil price fluctuations, whereas other essentials show smoother, consistent growth.

Sheet OIL PRICE
A1: Month-Year | B1: Oil price
A2: 44197 | B2: 54.79
A3: 44228 | B3: 61.22
A4: 44256 | B4: 64.73
A5: 44287 | B5: 63.4
A6: 44317 | B6: 66.95
A7: 44348 | B7: 71.98
A8: 44378 | B8: 73.54
A9: 44409 | B9: 69.8
A10: 44440 | B10: 73.13
A11: 44470 | B11: 82.11
A12: 44501 | B12: 80.64
A13: 44531 | B13: 73.3
... A27: 44958 | B27: 82.28
A30: Sector | B30: Year | C30: Month | D30: Cereals and products | E30: Meat and fish | F30: Egg | G30: Milk and products | H30: Oils and fats | I30: Fruits | J30: Vegetables | K30: Pulses and products | L30: Sugar and Confectionery | M30: Spices | N30: Non-alcoholic beverages | O30: Prepared meals, snacks, sweets etc. | P30: Food and beverages | Q30: AVERAGE | R30: MOM CPI
A31: Rural | B31: 2022 | C31: May | D31: 152.9 | E31: 214.7 | F31: 161.4 | G31: 164.6 | H31: 209.9 | I31: 168 | J31: 160.4 | K31: 165 | L31: 118.9 | M31: 186.6 | N31: 173.2 | O31: 180.4 | P31: 170.8 | Q31: =AVERAGE(D31:P31) -> 171.29231 | R31: 0
A32: Rural | B32: 2022 | C32: June | D32: 153.8 | E32: 217.2 | F32: 169.6 | G32: 165.4 | H32: 208.1 | I32: 165.8 | J32: 167.3 | K32: 164.6 | L32: 119.1 | M32: 188.9 | N32: 174.2 | O32: 181.9 | P32: 172.4 | Q32: =AVERAGE(D32:P32) -> 172.94615 | R32: =(Q32-Q31)/Q31 -> 0.0096551105
A33: Rural | B33: 2022 | C33: July | D33: 155.2 | E33: 210.8 | F33: 174.3 | G33: 166.3 | H33: 202.2 | I33: 169.6 | J33: 168.6 | K33: 164.4 | L33: 119.2 | M33: 191.8 | N33: 174.5 | O33: 183.1 | P33: 172.5 | Q33: =AVERAGE(D33:P33) -> 173.26923 | R33: =(Q33-Q32)/Q32 -> 0.0018680781
A34: Rural | B34: 2022 | C34: August | D34: 159.5 | E34: 204.1 | F34: 168.3 | G34: 167.9 | H34: 198.1 | I34: 169.2 | J34: 173.1 | K34: 167.1 | L34: 120.2 | M34: 195.6 | N34: 174.8 | O34: 184 | P34: 173.9 | Q34: =AVERAGE(D34:P34) -> 173.52308 | R34: =(Q34-Q33)/Q33 -> 0.0014650388
A35: Rural | B35: 2022 | C35: September | D35: 162.9 | E35: 206.7 | F35: 169 | G35: 169.5 | H35: 194.1 | I35: 164.1 | J35: 176.9 | K35: 169 | L35: 120.8 | M35: 199.1 | N35: 175.4 | O35: 184.8 | P35: 175.5 | Q35: =AVERAGE(D35:P35) -> 174.44615 | R35: =(Q35-Q34)/Q34 -> 0.0053196205
A36: Rural | B36: 2022 | C36: October | D36: 164.7 | E36: 208.8 | F36: 170.3 | G36: 170.9 | H36: 191.6 | I36: 162.2 | J36: 184.8 | K36: 169.7 | L36: 121.1 | M36: 201.6 | N36: 175.8 | O36: 185.6 | P36: 177.4 | Q36: =AVERAGE(D36:P36) -> 175.73077 | R36: =(Q36-Q35)/Q35 -> 0.0073639651
A37: Rural | B37: 2022 | C37: November | D37: 166.9 | E37: 207.2 | F37: 180.2 | G37: 172.3 | H37: 194 | I37: 159.1 | J37: 171.6 | K37: 170.2 | L37: 121.5 | M37: 204.8 | N37: 176.4 | O37: 186.9 | P37: 176.6 | Q37: =AVERAGE(D37:P37) -> 175.97692 | R37: =(Q37-Q36)/Q36 -> 0.0014007441
A38: Rural | B38: 2022 | C38: December | D38: 168.8 | E38: 206.9 | F38: 189.1 | G38: 173.4 | H38: 193.9 | I38: 156.7 | J38: 150.2 | K38: 170.5 | L38: 121.2 | M38: 207.5 | N38: 176.8 | O38: 187.7 | P38: 174.4 | Q38: =AVERAGE(D38:P38) -> 175.16154 | R38: =(Q38-Q37)/Q37 -> -0.0046334747
A39: Rural | B39: 2023 | C39: January | D39: 174 | E39: 208.3 | F39: 192.9 | G39: 174.3 | H39: 192.6 | I39: 156.3 | J39: 142.9 | K39: 170.7 | L39: 120.3 | M39: 210.5 | N39: 176.9 | O39: 188.5 | P39: 175 | Q39: =AVERAGE(D39:P39) -> 175.63077 | R39: =(Q39-Q38)/Q38 -> 0.0026788459
A40: Rural | B40: 2023 | C40: February | D40: 174.2 | E40: 205.2 | F40: 173.9 | G40: 177 | H40: 183.4 | I40: 167.2 | J40: 140.9 | K40: 170.4 | L40: 119.1 | M40: 212.1 | N40: 177.6 | O40: 189.9 | P40: 174.8 | Q40: =AVERAGE(D40:P40) -> 174.28462 | R40: =(Q40-Q39)/Q39 -> -0.0076646811
A41: Rural | B41: 2023 | C41: March | D41: 174.3 | E41: 205.2 | F41: 173.9 | G41: 177 | H41: 183.3 | I41: 167.2 | J41: 140.9 | K41: 170.5 | L41: 119.1 | M41: 212.1 | N41: 177.6 | O41: 189.9 | P41: 174.8 | Q41: =AVERAGE(D41:P41) -> 174.29231 | R41: =(Q41-Q40)/Q40 -> 4.413647e-05
A42: Rural | B42: 2023 | C42: April | D42: 173.3 | E42: 206.9 | F42: 167.9 | G42: 178.2 | H42: 178.5 | I42: 173.7 | J42: 142.8 | K42: 172.8 | L42: 120.4 | M42: 215.5 | N42: 178.2 | O42: 190.5 | P42: 175.5 | Q42: =AVERAGE(D42:P42) -> 174.93846 | R42: =(Q42-Q41)/Q41 -> 0.0037072998
A43: Rural | B43: 2023 | C43: May | D43: 173.2 | E43: 211.5 | F43: 171 | G43: 179.6 | H43: 173.3 | I43: 169 | J43: 148.7 | K43: 174.9 | L43: 121.9 | M43: 221 | N43: 178.7 | O43: 191.1 | P43: 176.8 | Q43: =AVERAGE(D43:P43) -> 176.20769 | R43: =(Q43-Q42)/Q42 -> 0.0072552986
A48: Sector | B48: Year | C48: Month | D48: Cereals and products | E48: Meat and fish | F48: Egg | G48: Milk and products | H48: Oils and fats | I48: Fruits | J48: Vegetables | K48: Pulses and products | L48: Sugar and Confectionery | M48: Spices | N48: Non-alcoholic beverages | O48: Prepared meals, snacks, sweets etc. | P48: Food and beverages | Q48: AVERAGE | R48: MOM CPI
A49: Rural+Urban | B49: 2022 | C49: May | D49: 154.1 | E49: 217 | F49: 162.4 | G49: 164.9 | H49: 202.4 | I49: 171 | J49: 174.9 | K49: 164.7 | L49: 119.7 | M49: 184.9 | N49: 167.1 | O49: 182.5 | P49: 173.3 | Q49: =AVERAGE(D49:P49) -> 172.22308 | R49: 0
A50: Rural+Urban | B50: 2022 | C50: June | D50: 155 | E50: 219.4 | F50: 170.8 | G50: 165.8 | H50: 200.9 | I50: 169.7 | J50: 182.3 | K50: 164.3 | L50: 119.9 | M50: 187.1 | N50: 167.9 | O50: 183.9 | P50: 174.9 | Q50: =AVERAGE(D50:P50) -> 173.99231 | R50: =(Q50-Q49)/Q49 -> 0.010272902
A51: Rural+Urban | B51: 2022 | C51: July | D51: 156.5 | E51: 213 | F51: 175.2 | G51: 166.6 | H51: 195.8 | I51: 174.2 | J51: 182.1 | K51: 164.3 | L51: 120 | M51: 190 | N51: 168.4 | O51: 185.2 | P51: 175 | Q51: =AVERAGE(D51:P51) -> 174.33077 | R51: =(Q51-Q50)/Q50 -> 0.0019452673
A52: Rural+Urban | B52: 2022 | C52: August | D52: 160.3 | E52: 206.5 | F52: 169.2 | G52: 168.1 | H52: 192.4 | I52: 172.9 | J52: 186.7 | K52: 167.2 | L52: 120.9 | M52: 193.6 | N52: 168.8 | O52: 186.3 | P52: 176.3 | Q52: =AVERAGE(D52:P52) -> 174.55385 | R52: =(Q52-Q51)/Q51 -> 0.0012796188
A53: Rural+Urban | B53: 2022 | C53: September | D53: 163.5 | E53: 209.2 | F53: 169.7 | G53: 169.7 | H53: 188.7 | I53: 165.7 | J53: 191.8 | K53: 169.1 | L53: 121.6 | M53: 197.3 | N53: 169.4 | O53: 187.4 | P53: 177.8 | Q53: =AVERAGE(D53:P53) -> 175.45385 | R53: =(Q53-Q52)/Q52 -> 0.0051560021
A54: Rural+Urban | B54: 2022 | C54: October | D54: 165.2 | E54: 210.9 | F54: 170.9 | G54: 170.9 | H54: 186.5 | I54: 163.8 | J54: 199.7 | K54: 169.8 | L54: 121.9 | M54: 199.9 | N54: 169.9 | O54: 188.3 | P54: 179.6 | Q54: =AVERAGE(D54:P54) -> 176.71538 | R54: =(Q54-Q53)/Q53 -> 0.0071901442
A55: Rural+Urban | B55: 2022 | C55: November | D55: 167.4 | E55: 209.4 | F55: 181.4 | G55: 172.3 | H55: 188.9 | I55: 160.7 | J55: 183.1 | K55: 170.5 | L55: 122.1 | M55: 202.8 | N55: 170.4 | O55: 189.5 | P55: 178.3 | Q55: =AVERAGE(D55:P55) -> 176.67692 | R55: =(Q55-Q54)/Q54 -> -0.0002176468
A56: Rural+Urban | B56: 2022 | C56: December | D56: 169.2 | E56: 209 | F56: 190.2 | G56: 173.6 | H56: 188.5 | I56: 158 | J56: 159.9 | K56: 170.8 | L56: 121.8 | M56: 205.2 | N56: 171 | O56: 190.3 | P56: 175.9 | Q56: =AVERAGE(D56:P56) -> 175.64615 | R56: =(Q56-Q55)/Q55 -> -0.0058342041
A57: Rural+Urban | B57: 2023 | C57: January | D57: 173.8 | E57: 210.7 | F57: 194.5 | G57: 174.6 | H57: 187.2 | I57: 158.3 | J57: 153.9 | K57: 170.9 | L57: 121.1 | M57: 208.4 | N57: 171.4 | O57: 191.2 | P57: 176.7 | Q57: =AVERAGE(D57:P57) -> 176.36154 | R57: =(Q57-Q56)/Q56 -> 0.0040728738
A58: Rural+Urban | B58: 2023 | C58: February | D58: 174.4 | E58: 207.7 | F58: 175.2 | G58: 177.3 | H58: 179.3 | I58: 169.5 | J58: 152.7 | K58: 171 | L58: 120 | M58: 209.7 | N58: 172.3 | O58: 193 | P58: 177 | Q58: =AVERAGE(D58:P58) -> 175.31538 | R58: =(Q58-Q57)/Q57 -> -0.0059318707
A59: Rural+Urban | B59: 2023 | C59: March | D59: 174.4 | E59: 207.7 | F59: 175.2 | G59: 177.3 | H59: 179.2 | I59: 169.5 | J59: 152.8 | K59: 171.1 | L59: 120 | M59: 209.7 | N59: 172.3 | O59: 193 | P59: 177 | Q59: =AVERAGE(D59:P59) -> 175.32308 | R59: =(Q59-Q58)/Q58 -> 4.3876969e-05
A60: Rural+Urban | B60: 2023 | C60: April | D60: 173.8 | E60: 209.3 | F60: 169.6 | G60: 178.4 | H60: 174.9 | I60: 176.3 | J60: 155.4 | K60: 173.4 | L60: 121.3 | M60: 212.9 | N60: 172.9 | O60: 193.5 | P60: 177.9 | Q60: =AVERAGE(D60:P60) -> 176.12308 | R60: =(Q60-Q59)/Q59 -> 0.0045630046
A61: Rural+Urban | B61: 2023 | C61: May | D61: 173.7 | E61: 214.3 | F61: 173.2 | G61: 179.5 | H61: 170 | I61: 172.2 | J61: 161 | K61: 175.6 | L61: 122.7 | M61: 218 | N61: 173.4 | O61: 194.2 | P61: 179.1 | Q61: =AVERAGE(D61:P61) -> 177.45385 | R61: =(Q61-Q60)/Q60 -> 0.007555905
A68: Sector | B68: Year | C68: Month | D68: Cereals and products | E68: Meat and fish | F68: Egg | G68: Milk and products | H68: Oils and fats | I68: Fruits | J68: Vegetables | K68: Pulses and products | L68: Sugar and Confectionery | M68: Spices | N68: Non-alcoholic beverages | O68: Prepared meals, snacks, sweets etc. | P68: Food and beverages | Q68: AVERAGE | R68: MOM CPI
A69: Urban | B69: 2022 | C69: May | D69: 156.7 | E69: 221.2 | F69: 164.1 | G69: 165.4 | H69: 189.5 | I69: 174.5 | J69: 203.2 | K69: 164.1 | L69: 121.2 | M69: 181.4 | N69: 158.5 | O69: 184.9 | P69: 177.5 | Q69: =AVERAGE(D69:P69) -> 174.01538 | R69: 0
A70: Urban | B70: 2022 | C70: June | D70: 157.5 | E70: 223.4 | F70: 172.8 | G70: 166.4 | H70: 188.6 | I70: 174.1 | J70: 211.5 | K70: 163.6 | L70: 121.4 | M70: 183.5 | N70: 159.1 | O70: 186.3 | P70: 179.3 | Q70: =AVERAGE(D70:P70) -> 175.96154 | R70: =(Q70-Q69)/Q69 -> 0.011183803
A71: Urban | B71: 2022 | C71: July | D71: 159.3 | E71: 217.1 | F71: 176.6 | G71: 167.1 | H71: 184.8 | I71: 179.5 | J71: 208.5 | K71: 164 | L71: 121.5 | M71: 186.3 | N71: 159.8 | O71: 187.7 | P71: 179.4 | Q71: =AVERAGE(D71:P71) -> 176.27692 | R71: =(Q71-Q70)/Q70 -> 0.0017923497
A72: Urban | B72: 2022 | C72: August | D72: 162.1 | E72: 210.9 | F72: 170.6 | G72: 168.4 | H72: 182.5 | I72: 177.1 | J72: 213.1 | K72: 167.3 | L72: 122.2 | M72: 189.7 | N72: 160.5 | O72: 188.9 | P72: 180.4 | Q72: =AVERAGE(D72:P72) -> 176.43846 | R72: =(Q72-Q71)/Q71 -> 0.00091639029
A73: Urban | B73: 2022 | C73: September | D73: 164.9 | E73: 213.7 | F73: 170.9 | G73: 170.1 | H73: 179.3 | I73: 167.5 | J73: 220.8 | K73: 169.2 | L73: 123.1 | M73: 193.6 | N73: 161.1 | O73: 190.4 | P73: 181.8 | Q73: =AVERAGE(D73:P73) -> 177.41538 | R73: =(Q73-Q72)/Q72 -> 0.0055369054
A74: Urban | B74: 2022 | C74: October | D74: 166.4 | E74: 214.9 | F74: 171.9 | G74: 171 | H74: 177.7 | I74: 165.7 | J74: 228.6 | K74: 169.9 | L74: 123.4 | M74: 196.4 | N74: 161.6 | O74: 191.5 | P74: 183.3 | Q74: =AVERAGE(D74:P74) -> 178.63846 | R74: =(Q74-Q73)/Q73 -> 0.0068938606
A75: Urban | B75: 2022 | C75: November | D75: 168.4 | E75: 213.4 | F75: 183.2 | G75: 172.3 | H75: 180 | I75: 162.6 | J75: 205.5 | K75: 171 | L75: 123.4 | M75: 198.8 | N75: 162.1 | O75: 192.4 | P75: 181.3 | Q75: =AVERAGE(D75:P75) -> 178.03077 | R75: =(Q75-Q74)/Q74 -> -0.0034017999
A76: Urban | B76: 2022 | C76: December | D76: 170.2 | E76: 212.9 | F76: 191.9 | G76: 173.9 | H76: 179.1 | I76: 159.5 | J76: 178.7 | K76: 171.3 | L76: 123.1 | M76: 200.5 | N76: 162.8 | O76: 193.3 | P76: 178.6 | Q76: =AVERAGE(D76:P76) -> 176.6 | R76: =(Q76-Q75)/Q75 -> -0.0080366402
A77: Urban | B77: 2023 | C77: January | D77: 173.3 | E77: 215.2 | F77: 197 | G77: 175.2 | H77: 178 | I77: 160.5 | J77: 175.3 | K77: 171.2 | L77: 122.7 | M77: 204.3 | N77: 163.7 | O77: 194.3 | P77: 179.5 | Q77: =AVERAGE(D77:P77) -> 177.70769 | R77: =(Q77-Q76)/Q76 -> 0.0062723234
A78: Urban | B78: 2023 | C78: February | D78: 174.7 | E78: 212.2 | F78: 177.2 | G78: 177.9 | H78: 172.2 | I78: 172.1 | J78: 175.8 | K78: 172.2 | L78: 121.9 | M78: 204.8 | N78: 164.9 | O78: 196.6 | P78: 180.7 | Q78: =AVERAGE(D78:P78) -> 177.16923 | R78: =(Q78-Q77)/Q77 -> -0.0030300407
A79: Urban | B79: 2023 | C79: March | D79: 174.7 | E79: 212.2 | F79: 177.2 | G79: 177.9 | H79: 172.2 | I79: 172.1 | J79: 175.9 | K79: 172.2 | L79: 121.9 | M79: 204.8 | N79: 164.9 | O79: 196.6 | P79: 180.8 | Q79: =AVERAGE(D79:P79) -> 177.18462 | R79: =(Q79-Q78)/Q78 -> 8.6835707e-05
A80: Urban | B80: 2023 | C80: April | D80: 174.8 | E80: 213.7 | F80: 172.4 | G80: 178.8 | H80: 168.7 | I80: 179.2 | J80: 179.9 | K80: 174.7 | L80: 123.1 | M80: 207.8 | N80: 165.5 | O80: 197 | P80: 182.1 | Q80: =AVERAGE(D80:P80) -> 178.28462 | R80: =(Q80-Q79)/Q79 -> 0.0062082139
A81: Urban | B81: 2023 | C81: May | D81: 174.7 | E81: 219.4 | F81: 176.7 | G81: 179.4 | H81: 164.4 | I81: 175.8 | J81: 185 | K81: 176.9 | L81: 124.2 | M81: 211.9 | N81: 165.9 | O81: 197.7 | P81: 183.1 | Q81: =AVERAGE(D81:P81) -> 179.62308 | R81: =(Q81-Q80)/Q80 -> 0.0075074427
